-- MySQL dump 10.13  Distrib 8.0.36, for Win64 (x86_64)
--
-- Host: localhost    Database: hotels_db
-- ------------------------------------------------------
-- Server version	8.0.37

/*!40101 SET @OLD_CHARACTER_SET_CLIENT=@@CHARACTER_SET_CLIENT */;
/*!40101 SET @OLD_CHARACTER_SET_RESULTS=@@CHARACTER_SET_RESULTS */;
/*!40101 SET @OLD_COLLATION_CONNECTION=@@COLLATION_CONNECTION */;
/*!50503 SET NAMES utf8 */;
/*!40103 SET @OLD_TIME_ZONE=@@TIME_ZONE */;
/*!40103 SET TIME_ZONE='+00:00' */;
/*!40014 SET @OLD_UNIQUE_CHECKS=@@UNIQUE_CHECKS, UNIQUE_CHECKS=0 */;
/*!40014 SET @OLD_FOREIGN_KEY_CHECKS=@@FOREIGN_KEY_CHECKS, FOREIGN_KEY_CHECKS=0 */;
/*!40101 SET @OLD_SQL_MODE=@@SQL_MODE, SQL_MODE='NO_AUTO_VALUE_ON_ZERO' */;
/*!40111 SET @OLD_SQL_NOTES=@@SQL_NOTES, SQL_NOTES=0 */;

--
-- Table structure for table `auth_group`
--

DROP TABLE IF EXISTS `auth_group`;
/*!40101 SET @saved_cs_client     = @@character_set_client */;
/*!50503 SET character_set_client = utf8mb4 */;
CREATE TABLE `auth_group` (
  `id` int NOT NULL AUTO_INCREMENT,
  `name` varchar(150) NOT NULL,
  PRIMARY KEY (`id`),
  UNIQUE KEY `name` (`name`)
) ENGINE=InnoDB DEFAULT CHARSET=utf8mb4 COLLATE=utf8mb4_0900_ai_ci;
/*!40101 SET character_set_client = @saved_cs_client */;

--
-- Dumping data for table `auth_group`
--

LOCK TABLES `auth_group` WRITE;
/*!40000 ALTER TABLE `auth_group` DISABLE KEYS */;
/*!40000 ALTER TABLE `auth_group` ENABLE KEYS */;
UNLOCK TABLES;

--
-- Table structure for table `auth_group_permissions`
--

DROP TABLE IF EXISTS `auth_group_permissions`;
/*!40101 SET @saved_cs_client     = @@character_set_client */;
/*!50503 SET character_set_client = utf8mb4 */;
CREATE TABLE `auth_group_permissions` (
  `id` bigint NOT NULL AUTO_INCREMENT,
  `group_id` int NOT NULL,
  `permission_id` int NOT NULL,
  PRIMARY KEY (`id`),
  UNIQUE KEY `auth_group_permissions_group_id_permission_id_0cd325b0_uniq` (`group_id`,`permission_id`),
  KEY `auth_group_permissio_permission_id_84c5c92e_fk_auth_perm` (`permission_id`),
  CONSTRAINT `auth_group_permissio_permission_id_84c5c92e_fk_auth_perm` FOREIGN KEY (`permission_id`) REFERENCES `auth_permission` (`id`),
  CONSTRAINT `auth_group_permissions_group_id_b120cbf9_fk_auth_group_id` FOREIGN KEY (`group_id`) REFERENCES `auth_group` (`id`)
) ENGINE=InnoDB DEFAULT CHARSET=utf8mb4 COLLATE=utf8mb4_0900_ai_ci;
/*!40101 SET character_set_client = @saved_cs_client */;

--
-- Dumping data for table `auth_group_permissions`
--

LOCK TABLES `auth_group_permissions` WRITE;
/*!40000 ALTER TABLE `auth_group_permissions` DISABLE KEYS */;
/*!40000 ALTER TABLE `auth_group_permissions` ENABLE KEYS */;
UNLOCK TABLES;

--
-- Table structure for table `auth_permission`
--

DROP TABLE IF EXISTS `auth_permission`;
/*!40101 SET @saved_cs_client     = @@character_set_client */;
/*!50503 SET character_set_client = utf8mb4 */;
CREATE TABLE `auth_permission` (
  `id` int NOT NULL AUTO_INCREMENT,
  `name` varchar(255) NOT NULL,
  `content_type_id` int NOT NULL,
  `codename` varchar(100) NOT NULL,
  PRIMARY KEY (`id`),
  UNIQUE KEY `auth_permission_content_type_id_codename_01ab375a_uniq` (`content_type_id`,`codename`),
  CONSTRAINT `auth_permission_content_type_id_2f476e4b_fk_django_co` FOREIGN KEY (`content_type_id`) REFERENCES `django_content_type` (`id`)
) ENGINE=InnoDB AUTO_INCREMENT=53 DEFAULT CHARSET=utf8mb4 COLLATE=utf8mb4_0900_ai_ci;
/*!40101 SET character_set_client = @saved_cs_client */;

--
-- Dumping data for table `auth_permission`
--

LOCK TABLES `auth_permission` WRITE;
/*!40000 ALTER TABLE `auth_permission` DISABLE KEYS */;
INSERT INTO `auth_permission` VALUES (1,'Can add log entry',1,'add_logentry'),(2,'Can change log entry',1,'change_logentry'),(3,'Can delete log entry',1,'delete_logentry'),(4,'Can view log entry',1,'view_logentry'),(5,'Can add permission',2,'add_permission'),(6,'Can change permission',2,'change_permission'),(7,'Can delete permission',2,'delete_permission'),(8,'Can view permission',2,'view_permission'),(9,'Can add group',3,'add_group'),(10,'Can change group',3,'change_group'),(11,'Can delete group',3,'delete_group'),(12,'Can view group',3,'view_group'),(13,'Can add content type',4,'add_contenttype'),(14,'Can change content type',4,'change_contenttype'),(15,'Can delete content type',4,'delete_contenttype'),(16,'Can view content type',4,'view_contenttype'),(17,'Can add session',5,'add_session'),(18,'Can change session',5,'change_session'),(19,'Can delete session',5,'delete_session'),(20,'Can view session',5,'view_session'),(21,'Can add hotel',6,'add_hotel'),(22,'Can change hotel',6,'change_hotel'),(23,'Can delete hotel',6,'delete_hotel'),(24,'Can view hotel',6,'view_hotel'),(25,'Can add user',7,'add_user'),(26,'Can change user',7,'change_user'),(27,'Can delete user',7,'delete_user'),(28,'Can view user',7,'view_user'),(29,'Can add booking',8,'add_booking'),(30,'Can change booking',8,'change_booking'),(31,'Can delete booking',8,'delete_booking'),(32,'Can view booking',8,'view_booking'),(33,'Can add card',9,'add_card'),(34,'Can change card',9,'change_card'),(35,'Can delete card',9,'delete_card'),(36,'Can view card',9,'view_card'),(37,'Can add favorites',10,'add_favorites'),(38,'Can change favorites',10,'change_favorites'),(39,'Can delete favorites',10,'delete_favorites'),(40,'Can view favorites',10,'view_favorites'),(41,'Can add reviews',11,'add_reviews'),(42,'Can change reviews',11,'change_reviews'),(43,'Can delete reviews',11,'delete_reviews'),(44,'Can view reviews',11,'view_reviews'),(45,'Can add rooms',12,'add_rooms'),(46,'Can change rooms',12,'change_rooms'),(47,'Can delete rooms',12,'delete_rooms'),(48,'Can view rooms',12,'view_rooms'),(49,'Can add options',13,'add_options'),(50,'Can change options',13,'change_options'),(51,'Can delete options',13,'delete_options'),(52,'Can view options',13,'view_options');
/*!40000 ALTER TABLE `auth_permission` ENABLE KEYS */;
UNLOCK TABLES;

--
-- Table structure for table `django_admin_log`
--

DROP TABLE IF EXISTS `django_admin_log`;
/*!40101 SET @saved_cs_client     = @@character_set_client */;
/*!50503 SET character_set_client = utf8mb4 */;
CREATE TABLE `django_admin_log` (
  `id` int NOT NULL AUTO_INCREMENT,
  `action_time` datetime(6) NOT NULL,
  `object_id` longtext,
  `object_repr` varchar(200) NOT NULL,
  `action_flag` smallint unsigned NOT NULL,
  `change_message` longtext NOT NULL,
  `content_type_id` int DEFAULT NULL,
  `user_id` bigint NOT NULL,
  PRIMARY KEY (`id`),
  KEY `django_admin_log_content_type_id_c4bce8eb_fk_django_co` (`content_type_id`),
  KEY `django_admin_log_user_id_c564eba6_fk_pols_user_id` (`user_id`),
  CONSTRAINT `django_admin_log_content_type_id_c4bce8eb_fk_django_co` FOREIGN KEY (`content_type_id`) REFERENCES `django_content_type` (`id`),
  CONSTRAINT `django_admin_log_user_id_c564eba6_fk_pols_user_id` FOREIGN KEY (`user_id`) REFERENCES `pols_user` (`id`),
  CONSTRAINT `django_admin_log_chk_1` CHECK ((`action_flag` >= 0))
) ENGINE=InnoDB DEFAULT CHARSET=utf8mb4 COLLATE=utf8mb4_0900_ai_ci;
/*!40101 SET character_set_client = @saved_cs_client */;

--
-- Dumping data for table `django_admin_log`
--

LOCK TABLES `django_admin_log` WRITE;
/*!40000 ALTER TABLE `django_admin_log` DISABLE KEYS */;
/*!40000 ALTER TABLE `django_admin_log` ENABLE KEYS */;
UNLOCK TABLES;

--
-- Table structure for table `django_content_type`
--

DROP TABLE IF EXISTS `django_content_type`;
/*!40101 SET @saved_cs_client     = @@character_set_client */;
/*!50503 SET character_set_client = utf8mb4 */;
CREATE TABLE `django_content_type` (
  `id` int NOT NULL AUTO_INCREMENT,
  `app_label` varchar(100) NOT NULL,
  `model` varchar(100) NOT NULL,
  PRIMARY KEY (`id`),
  UNIQUE KEY `django_content_type_app_label_model_76bd3d3b_uniq` (`app_label`,`model`)
) ENGINE=InnoDB AUTO_INCREMENT=14 DEFAULT CHARSET=utf8mb4 COLLATE=utf8mb4_0900_ai_ci;
/*!40101 SET character_set_client = @saved_cs_client */;

--
-- Dumping data for table `django_content_type`
--

LOCK TABLES `django_content_type` WRITE;
/*!40000 ALTER TABLE `django_content_type` DISABLE KEYS */;
INSERT INTO `django_content_type` VALUES (1,'admin','logentry'),(3,'auth','group'),(2,'auth','permission'),(4,'contenttypes','contenttype'),(8,'pols','booking'),(9,'pols','card'),(10,'pols','favorites'),(6,'pols','hotel'),(13,'pols','options'),(11,'pols','reviews'),(12,'pols','rooms'),(7,'pols','user'),(5,'sessions','session');
/*!40000 ALTER TABLE `django_content_type` ENABLE KEYS */;
UNLOCK TABLES;

--
-- Table structure for table `django_migrations`
--

DROP TABLE IF EXISTS `django_migrations`;
/*!40101 SET @saved_cs_client     = @@character_set_client */;
/*!50503 SET character_set_client = utf8mb4 */;
CREATE TABLE `django_migrations` (
  `id` bigint NOT NULL AUTO_INCREMENT,
  `app` varchar(255) NOT NULL,
  `name` varchar(255) NOT NULL,
  `applied` datetime(6) NOT NULL,
  PRIMARY KEY (`id`)
) ENGINE=InnoDB AUTO_INCREMENT=20 DEFAULT CHARSET=utf8mb4 COLLATE=utf8mb4_0900_ai_ci;
/*!40101 SET character_set_client = @saved_cs_client */;

--
-- Dumping data for table `django_migrations`
--

LOCK TABLES `django_migrations` WRITE;
/*!40000 ALTER TABLE `django_migrations` DISABLE KEYS */;
INSERT INTO `django_migrations` VALUES (1,'contenttypes','0001_initial','2025-05-19 10:05:03.526308'),(2,'contenttypes','0002_remove_content_type_name','2025-05-19 10:05:03.607959'),(3,'auth','0001_initial','2025-05-19 10:05:03.952605'),(4,'auth','0002_alter_permission_name_max_length','2025-05-19 10:05:04.026267'),(5,'auth','0003_alter_user_email_max_length','2025-05-19 10:05:04.033265'),(6,'auth','0004_alter_user_username_opts','2025-05-19 10:05:04.041592'),(7,'auth','0005_alter_user_last_login_null','2025-05-19 10:05:04.049593'),(8,'auth','0006_require_contenttypes_0002','2025-05-19 10:05:04.052592'),(9,'auth','0007_alter_validators_add_error_messages','2025-05-19 10:05:04.058697'),(10,'auth','0008_alter_user_username_max_length','2025-05-19 10:05:04.066422'),(11,'auth','0009_alter_user_last_name_max_length','2025-05-19 10:05:04.073420'),(12,'auth','0010_alter_group_name_max_length','2025-05-19 10:05:04.092135'),(13,'auth','0011_update_proxy_permissions','2025-05-19 10:05:04.100136'),(14,'auth','0012_alter_user_first_name_max_length','2025-05-19 10:05:04.106140'),(15,'pols','0001_initial','2025-05-19 10:05:05.516030'),(16,'admin','0001_initial','2025-05-19 10:05:05.737263'),(17,'admin','0002_logentry_remove_auto_add','2025-05-19 10:05:05.750262'),(18,'admin','0003_logentry_add_action_flag_choices','2025-05-19 10:05:05.765261'),(19,'sessions','0001_initial','2025-05-19 10:05:05.811258');
/*!40000 ALTER TABLE `django_migrations` ENABLE KEYS */;
UNLOCK TABLES;

--
-- Table structure for table `django_session`
--

DROP TABLE IF EXISTS `django_session`;
/*!40101 SET @saved_cs_client     = @@character_set_client */;
/*!50503 SET character_set_client = utf8mb4 */;
CREATE TABLE `django_session` (
  `session_key` varchar(40) NOT NULL,
  `session_data` longtext NOT NULL,
  `expire_date` datetime(6) NOT NULL,
  PRIMARY KEY (`session_key`),
  KEY `django_session_expire_date_a5c62663` (`expire_date`)
) ENGINE=InnoDB DEFAULT CHARSET=utf8mb4 COLLATE=utf8mb4_0900_ai_ci;
/*!40101 SET character_set_client = @saved_cs_client */;

--
-- Dumping data for table `django_session`
--

LOCK TABLES `django_session` WRITE;
/*!40000 ALTER TABLE `django_session` DISABLE KEYS */;
INSERT INTO `django_session` VALUES ('2l3wvuabzduf2hmlqj6kfzklaqekgj49','.eJxVjt1qhDAQhd8lkLtuMvkz6qXsXvYZJJpJ41ZM0bg3pe9eTRfaMjB8nHPmMJ-kd3uO_b7h2k-etESQl7_a4MZ3XE7D393yltiYlrxOAzsj7Olu7DV5nLtn9l9BdFs8rhGF9UpLDOB0MJWSxmCjEAZwlR9FCBrRhFB7DENoQEurtKgCjAi28WdpcI-0Thm38lS_r_PRG3P-aDkX0jI4RrQ1APCYMs5ccQnSXKC6CP2LhgsqgV6BdrJsS6-C1j_KrbAo3BXuCjecfH0DXuZX6A:1uQUl7:TQFSgbvxBKDaXjH4wIQ99iggPB_tEY-I9pHQ9Ir5xGY','2025-06-28 17:33:37.589880'),('c0gsnhzgueblvxmh5f5l70u2km0t8h44','.eJxVjMsOwiAQRf-FtSG8EZfu-w0EmBmpGkhKuzL-uzbpQrf3nHNfLKZtrXEbuMQZ2IVJdvrdcioPbDuAe2q3zktv6zJnviv8oINPHfB5Pdy_g5pG_daI0oM2CkkkQ9ZpZS0GjSKL5KBIIoNoic6AlCkIo7w20pEoKHwAYO8P_8U4xw:1uP3Q5:xYXoCK5EOAx2Dwy8HlThp1b7JMhmYBzjHmJRPo125cY','2025-06-24 18:09:57.162939'),('is2nkznfzl9o436sa2k9orqox7k7uiip','e30:1uMZIF:UomBFWRiYYuO1Qie7eTyyn42RRddqa38luvwScuesAc','2025-06-17 21:35:35.595615'),('jrqgp948477q4lwumfzl2t5kgizfvstr','e30:1uHJdz:A_NsnigMe4CaJpsbEdNgy1kgM0r_Ok7RMIzfFvlMD2Q','2025-06-03 09:52:19.944865'),('naafi30zchiloswhkth5x4jdd7lv4qdf','e30:1uP28v:XYFkTZY1Ej5wZrDx07bJy12bBdBRaT6Yalrwc0jTzFQ','2025-06-24 16:48:09.443979'),('td51kqj5z5vp1hae7bd8yiyhfsfy0kyx','e30:1uP29d:ddJRw9_PJpm55sGwmwX_2b6ENsTeIL1zMk7T4MD9vWI','2025-06-24 16:48:53.821263'),('vtmaq80pnl7rz858v457twvgr9pecx4d','e30:1uP2AI:9Go6O_YIHJgNlR8L25jnZ6TUz5dlxaMY5PbGcAyTCjU','2025-06-24 16:49:34.058428'),('w6n01ymj5zjfydf26vl3lb2g8uh73teg','e30:1uP2BV:6a7C9QB6bjfv-wJuFVgsi0gM7ZhxNMcj0v9A7bOOFik','2025-06-24 16:50:49.064038'),('yro0uk2w1wzqj3fw8t0n1l0v0mbe2mbv','e30:1uP2AV:aSg1SgshduHzwlihaym-1dPn4T_Z7vghPBO1iZhpDL4','2025-06-24 16:49:47.162465'),('ys8f8jpgg5hcukr3ph6180clldxjo20m','.eJxVjMsOwiAQRf-FtSG8EZfu-w0EmBmpGkhKuzL-uzbpQrf3nHNfLKZtrXEbuMQZ2IVJdvrdcioPbDuAe2q3zktv6zJnviv8oINPHfB5Pdy_g5pG_daI0oM2CkkkQ9ZpZS0GjSKL5KBIIoNoic6AlCkIo7w20pEoKHwAYO8P_8U4xw:1uNAYr:Ms2BSaBUzRLEID3yQO45l51SZagHlHqdlCUMD_CNDWo','2025-06-19 13:23:13.634052');
/*!40000 ALTER TABLE `django_session` ENABLE KEYS */;
UNLOCK TABLES;

--
-- Table structure for table `pols_booking`
--

DROP TABLE IF EXISTS `pols_booking`;
/*!40101 SET @saved_cs_client     = @@character_set_client */;
/*!50503 SET character_set_client = utf8mb4 */;
CREATE TABLE `pols_booking` (
  `id` bigint NOT NULL AUTO_INCREMENT,
  `quantity_people` int NOT NULL,
  `arrival` datetime(6) NOT NULL,
  `departure` datetime(6) NOT NULL,
  `price_per_room` decimal(10,2) NOT NULL,
  `created_at` datetime(6) NOT NULL,
  `user_id` bigint NOT NULL,
  `room_id` bigint NOT NULL,
  PRIMARY KEY (`id`),
  KEY `pols_booking_room_id_5d1db03b_fk_pols_rooms_id` (`room_id`),
  KEY `pols_booking_user_id_130f0c3b_fk_pols_user_id` (`user_id`),
  CONSTRAINT `pols_booking_room_id_5d1db03b_fk_pols_rooms_id` FOREIGN KEY (`room_id`) REFERENCES `pols_rooms` (`id`),
  CONSTRAINT `pols_booking_user_id_130f0c3b_fk_pols_user_id` FOREIGN KEY (`user_id`) REFERENCES `pols_user` (`id`)
) ENGINE=InnoDB AUTO_INCREMENT=748 DEFAULT CHARSET=utf8mb4 COLLATE=utf8mb4_0900_ai_ci;
/*!40101 SET character_set_client = @saved_cs_client */;

--
-- Dumping data for table `pols_booking`
--

LOCK TABLES `pols_booking` WRITE;
/*!40000 ALTER TABLE `pols_booking` DISABLE KEYS */;
INSERT INTO `pols_booking` VALUES (1,1,'2025-03-02 21:00:00.000000','2025-03-03 21:00:00.000000',3500.00,'2025-05-20 10:04:05.540632',1,11),(2,1,'2025-05-19 21:00:00.000000','2025-05-20 21:00:00.000000',5200.00,'2025-05-20 10:05:11.007619',1,12),(3,1,'2025-05-19 21:00:00.000000','2025-05-20 21:00:00.000000',6800.00,'2025-05-20 10:33:31.301906',1,17),(4,1,'2025-05-19 21:00:00.000000','2025-05-20 21:00:00.000000',1800.00,'2025-05-20 10:39:41.566193',1,30),(5,1,'2025-05-19 21:00:00.000000','2025-05-20 21:00:00.000000',3500.00,'2025-05-20 11:06:49.090510',1,11),(6,2,'2025-03-18 00:00:00.000000','2025-03-23 00:00:00.000000',19000.00,'2025-03-10 00:00:00.000000',1,3),(7,3,'2024-06-12 00:00:00.000000','2024-06-14 00:00:00.000000',15000.00,'2024-06-01 00:00:00.000000',1,39),(8,4,'2024-11-10 00:00:00.000000','2024-11-16 00:00:00.000000',27000.00,'2024-11-01 00:00:00.000000',1,47),(9,2,'2025-02-23 00:00:00.000000','2025-02-24 00:00:00.000000',5500.00,'2025-02-04 00:00:00.000000',1,56),(10,1,'2024-07-14 00:00:00.000000','2024-07-16 00:00:00.000000',9600.00,'2024-07-11 00:00:00.000000',1,19),(11,4,'2025-04-15 00:00:00.000000','2025-04-17 00:00:00.000000',7000.00,'2025-04-04 00:00:00.000000',1,11),(12,3,'2025-01-21 00:00:00.000000','2025-01-25 00:00:00.000000',15200.00,'2025-01-05 00:00:00.000000',1,20),(13,3,'2024-08-07 00:00:00.000000','2024-08-14 00:00:00.000000',43400.00,'2024-07-19 00:00:00.000000',1,71),(14,1,'2024-02-05 00:00:00.000000','2024-02-12 00:00:00.000000',36400.00,'2024-01-22 00:00:00.000000',1,12),(15,1,'2024-12-11 00:00:00.000000','2024-12-12 00:00:00.000000',1900.00,'2024-12-01 00:00:00.000000',1,73),(16,3,'2024-02-23 00:00:00.000000','2024-02-29 00:00:00.000000',31200.00,'2024-02-11 00:00:00.000000',1,70),(17,2,'2025-04-03 00:00:00.000000','2025-04-05 00:00:00.000000',10400.00,'2025-03-25 00:00:00.000000',1,52),(18,2,'2024-02-28 00:00:00.000000','2024-02-29 00:00:00.000000',5200.00,'2024-02-16 00:00:00.000000',1,42),(19,3,'2024-08-31 00:00:00.000000','2024-09-07 00:00:00.000000',26600.00,'2024-08-28 00:00:00.000000',1,33),(20,4,'2024-12-01 00:00:00.000000','2024-12-08 00:00:00.000000',56000.00,'2024-11-19 00:00:00.000000',1,6),(21,3,'2024-09-03 00:00:00.000000','2024-09-06 00:00:00.000000',13500.00,'2024-08-26 00:00:00.000000',1,75),(22,2,'2024-10-05 00:00:00.000000','2024-10-10 00:00:00.000000',42500.00,'2024-09-27 00:00:00.000000',1,29),(23,3,'2024-01-09 00:00:00.000000','2024-01-10 00:00:00.000000',5500.00,'2023-12-26 00:00:00.000000',1,56),(24,1,'2024-02-16 00:00:00.000000','2024-02-21 00:00:00.000000',40000.00,'2024-02-12 00:00:00.000000',1,53),(25,3,'2025-03-27 00:00:00.000000','2025-04-03 00:00:00.000000',22400.00,'2025-03-18 00:00:00.000000',1,49),(26,2,'2024-04-20 00:00:00.000000','2024-04-25 00:00:00.000000',17500.00,'2024-04-11 00:00:00.000000',1,45),(27,3,'2025-01-31 00:00:00.000000','2025-02-06 00:00:00.000000',40800.00,'2025-01-15 00:00:00.000000',1,65),(28,3,'2024-03-11 00:00:00.000000','2024-03-12 00:00:00.000000',3800.00,'2024-02-22 00:00:00.000000',1,33),(29,2,'2025-03-07 00:00:00.000000','2025-03-13 00:00:00.000000',31200.00,'2025-02-23 00:00:00.000000',1,48),(30,2,'2024-04-06 00:00:00.000000','2024-04-11 00:00:00.000000',19000.00,'2024-03-26 00:00:00.000000',1,74),(31,1,'2024-09-26 00:00:00.000000','2024-09-27 00:00:00.000000',4500.00,'2024-09-25 00:00:00.000000',1,50),(32,3,'2024-09-28 00:00:00.000000','2024-10-04 00:00:00.000000',43200.00,'2024-09-09 00:00:00.000000',1,22),(33,4,'2024-08-15 00:00:00.000000','2024-08-18 00:00:00.000000',5400.00,'2024-07-26 00:00:00.000000',1,30),(34,1,'2024-06-26 00:00:00.000000','2024-06-30 00:00:00.000000',15200.00,'2024-06-08 00:00:00.000000',1,33),(35,3,'2025-04-01 00:00:00.000000','2025-04-06 00:00:00.000000',29000.00,'2025-03-14 00:00:00.000000',1,13),(36,1,'2024-06-06 00:00:00.000000','2024-06-12 00:00:00.000000',22800.00,'2024-05-25 00:00:00.000000',1,3),(37,1,'2024-01-12 00:00:00.000000','2024-01-13 00:00:00.000000',4500.00,'2024-01-02 00:00:00.000000',1,32),(38,3,'2024-05-16 00:00:00.000000','2024-05-20 00:00:00.000000',31200.00,'2024-05-05 00:00:00.000000',1,5),(39,1,'2025-03-06 00:00:00.000000','2025-03-09 00:00:00.000000',21600.00,'2025-02-28 00:00:00.000000',1,58),(40,1,'2024-06-08 00:00:00.000000','2024-06-12 00:00:00.000000',31200.00,'2024-06-01 00:00:00.000000',1,5),(41,2,'2024-04-26 00:00:00.000000','2024-04-28 00:00:00.000000',7600.00,'2024-04-21 00:00:00.000000',1,60),(42,3,'2025-04-21 00:00:00.000000','2025-04-25 00:00:00.000000',16800.00,'2025-04-17 00:00:00.000000',1,41),(43,3,'2024-07-17 00:00:00.000000','2024-07-21 00:00:00.000000',38000.00,'2024-07-08 00:00:00.000000',1,24),(44,1,'2024-06-05 00:00:00.000000','2024-06-08 00:00:00.000000',13500.00,'2024-05-31 00:00:00.000000',1,75),(45,3,'2024-09-24 00:00:00.000000','2024-09-26 00:00:00.000000',5800.00,'2024-09-14 00:00:00.000000',1,35),(46,3,'2024-09-22 00:00:00.000000','2024-09-24 00:00:00.000000',7600.00,'2024-09-05 00:00:00.000000',1,3),(47,3,'2024-09-20 00:00:00.000000','2024-09-26 00:00:00.000000',40800.00,'2024-09-05 00:00:00.000000',1,17),(48,1,'2024-06-19 00:00:00.000000','2024-06-24 00:00:00.000000',22500.00,'2024-06-13 00:00:00.000000',1,8),(49,2,'2024-07-17 00:00:00.000000','2024-07-23 00:00:00.000000',28800.00,'2024-07-09 00:00:00.000000',1,64),(50,2,'2025-01-31 00:00:00.000000','2025-02-07 00:00:00.000000',54600.00,'2025-01-19 00:00:00.000000',2,5),(51,4,'2025-03-24 00:00:00.000000','2025-03-29 00:00:00.000000',39000.00,'2025-03-14 00:00:00.000000',2,72),(52,2,'2024-03-10 00:00:00.000000','2024-03-16 00:00:00.000000',34800.00,'2024-02-28 00:00:00.000000',2,61),(53,4,'2024-03-01 00:00:00.000000','2024-03-07 00:00:00.000000',28800.00,'2024-02-19 00:00:00.000000',2,64),(54,2,'2025-01-14 00:00:00.000000','2025-01-15 00:00:00.000000',4900.00,'2024-12-25 00:00:00.000000',2,10),(55,2,'2024-08-05 00:00:00.000000','2024-08-08 00:00:00.000000',14400.00,'2024-08-04 00:00:00.000000',2,64),(56,2,'2024-07-23 00:00:00.000000','2024-07-30 00:00:00.000000',38500.00,'2024-07-16 00:00:00.000000',2,21),(57,4,'2024-11-08 00:00:00.000000','2024-11-15 00:00:00.000000',52500.00,'2024-10-25 00:00:00.000000',2,18),(58,2,'2024-07-17 00:00:00.000000','2024-07-23 00:00:00.000000',10800.00,'2024-07-05 00:00:00.000000',2,44),(59,3,'2024-09-18 00:00:00.000000','2024-09-25 00:00:00.000000',36400.00,'2024-09-08 00:00:00.000000',2,12),(60,1,'2025-01-09 00:00:00.000000','2025-01-10 00:00:00.000000',4900.00,'2024-12-22 00:00:00.000000',2,10),(61,1,'2024-02-20 00:00:00.000000','2024-02-26 00:00:00.000000',37200.00,'2024-02-11 00:00:00.000000',2,71),(62,3,'2025-03-19 00:00:00.000000','2025-03-26 00:00:00.000000',26600.00,'2025-03-02 00:00:00.000000',2,60),(63,2,'2024-07-11 00:00:00.000000','2024-07-13 00:00:00.000000',11000.00,'2024-07-08 00:00:00.000000',2,21),(64,1,'2024-10-24 00:00:00.000000','2024-10-30 00:00:00.000000',18600.00,'2024-10-13 00:00:00.000000',2,40),(65,1,'2024-06-28 00:00:00.000000','2024-07-02 00:00:00.000000',15200.00,'2024-06-24 00:00:00.000000',2,3),(66,4,'2025-01-06 00:00:00.000000','2025-01-07 00:00:00.000000',4800.00,'2025-01-02 00:00:00.000000',2,64),(67,4,'2025-04-13 00:00:00.000000','2025-04-17 00:00:00.000000',20800.00,'2025-03-25 00:00:00.000000',2,42),(68,1,'2024-04-30 00:00:00.000000','2024-05-04 00:00:00.000000',11200.00,'2024-04-28 00:00:00.000000',2,1),(69,1,'2024-06-08 00:00:00.000000','2024-06-12 00:00:00.000000',16400.00,'2024-05-29 00:00:00.000000',2,36),(70,3,'2024-06-12 00:00:00.000000','2024-06-13 00:00:00.000000',7800.00,'2024-05-31 00:00:00.000000',2,23),(71,1,'2024-07-24 00:00:00.000000','2024-07-26 00:00:00.000000',13000.00,'2024-07-04 00:00:00.000000',2,37),(72,3,'2024-10-19 00:00:00.000000','2024-10-20 00:00:00.000000',4500.00,'2024-10-18 00:00:00.000000',2,32),(73,1,'2024-09-16 00:00:00.000000','2024-09-19 00:00:00.000000',9600.00,'2024-08-29 00:00:00.000000',2,31),(74,3,'2024-03-05 00:00:00.000000','2024-03-09 00:00:00.000000',20800.00,'2024-02-19 00:00:00.000000',2,42),(75,1,'2024-02-26 00:00:00.000000','2024-03-02 00:00:00.000000',24000.00,'2024-02-15 00:00:00.000000',2,64),(76,2,'2024-11-01 00:00:00.000000','2024-11-03 00:00:00.000000',6200.00,'2024-10-23 00:00:00.000000',2,40),(77,1,'2024-05-24 00:00:00.000000','2024-05-28 00:00:00.000000',18000.00,'2024-05-23 00:00:00.000000',2,47),(78,4,'2025-01-29 00:00:00.000000','2025-02-01 00:00:00.000000',19500.00,'2025-01-21 00:00:00.000000',2,37),(79,3,'2024-10-12 00:00:00.000000','2024-10-13 00:00:00.000000',6500.00,'2024-09-23 00:00:00.000000',2,37),(80,4,'2024-03-19 00:00:00.000000','2024-03-23 00:00:00.000000',20800.00,'2024-02-28 00:00:00.000000',2,70),(81,4,'2024-11-28 00:00:00.000000','2024-12-01 00:00:00.000000',10500.00,'2024-11-17 00:00:00.000000',2,11),(82,3,'2024-09-30 00:00:00.000000','2024-10-03 00:00:00.000000',11400.00,'2024-09-29 00:00:00.000000',2,60),(83,1,'2024-10-22 00:00:00.000000','2024-10-25 00:00:00.000000',12600.00,'2024-10-07 00:00:00.000000',2,41),(84,4,'2025-03-27 00:00:00.000000','2025-04-02 00:00:00.000000',31200.00,'2025-03-13 00:00:00.000000',2,42),(85,2,'2024-06-18 00:00:00.000000','2024-06-21 00:00:00.000000',14400.00,'2024-06-08 00:00:00.000000',2,69),(86,3,'2024-03-26 00:00:00.000000','2024-04-02 00:00:00.000000',20300.00,'2024-03-13 00:00:00.000000',2,35),(87,1,'2024-11-29 00:00:00.000000','2024-12-06 00:00:00.000000',29400.00,'2024-11-21 00:00:00.000000',2,62),(88,2,'2024-04-28 00:00:00.000000','2024-05-02 00:00:00.000000',23200.00,'2024-04-13 00:00:00.000000',2,13),(89,4,'2024-07-21 00:00:00.000000','2024-07-22 00:00:00.000000',6800.00,'2024-07-07 00:00:00.000000',2,51),(90,2,'2024-05-12 00:00:00.000000','2024-05-17 00:00:00.000000',29000.00,'2024-04-28 00:00:00.000000',2,34),(91,1,'2024-06-04 00:00:00.000000','2024-06-08 00:00:00.000000',11200.00,'2024-06-02 00:00:00.000000',2,1),(92,4,'2024-03-26 00:00:00.000000','2024-03-30 00:00:00.000000',15200.00,'2024-03-25 00:00:00.000000',2,33),(93,3,'2024-07-13 00:00:00.000000','2024-07-20 00:00:00.000000',54600.00,'2024-06-26 00:00:00.000000',2,5),(94,4,'2024-05-19 00:00:00.000000','2024-05-22 00:00:00.000000',13500.00,'2024-05-02 00:00:00.000000',3,8),(95,2,'2024-09-13 00:00:00.000000','2024-09-20 00:00:00.000000',31500.00,'2024-08-25 00:00:00.000000',3,8),(96,4,'2024-02-08 00:00:00.000000','2024-02-10 00:00:00.000000',16000.00,'2024-01-23 00:00:00.000000',3,6),(97,2,'2024-06-16 00:00:00.000000','2024-06-18 00:00:00.000000',8200.00,'2024-05-30 00:00:00.000000',3,16),(98,1,'2024-07-03 00:00:00.000000','2024-07-09 00:00:00.000000',34800.00,'2024-06-26 00:00:00.000000',3,43),(99,3,'2024-11-02 00:00:00.000000','2024-11-04 00:00:00.000000',17000.00,'2024-10-24 00:00:00.000000',3,67),(100,3,'2025-02-01 00:00:00.000000','2025-02-04 00:00:00.000000',18600.00,'2025-01-31 00:00:00.000000',3,14),(101,3,'2024-02-12 00:00:00.000000','2024-02-14 00:00:00.000000',6400.00,'2024-02-06 00:00:00.000000',3,63),(102,2,'2024-08-30 00:00:00.000000','2024-09-02 00:00:00.000000',11400.00,'2024-08-17 00:00:00.000000',3,60),(103,4,'2024-08-11 00:00:00.000000','2024-08-18 00:00:00.000000',31500.00,'2024-08-04 00:00:00.000000',3,32),(104,1,'2024-10-12 00:00:00.000000','2024-10-15 00:00:00.000000',13500.00,'2024-10-01 00:00:00.000000',3,50),(105,1,'2025-01-13 00:00:00.000000','2025-01-15 00:00:00.000000',14400.00,'2025-01-11 00:00:00.000000',3,22),(106,1,'2024-08-21 00:00:00.000000','2024-08-24 00:00:00.000000',8400.00,'2024-08-10 00:00:00.000000',3,1),(107,4,'2024-05-15 00:00:00.000000','2024-05-16 00:00:00.000000',7200.00,'2024-04-29 00:00:00.000000',3,58),(108,4,'2024-06-28 00:00:00.000000','2024-06-29 00:00:00.000000',3500.00,'2024-06-10 00:00:00.000000',3,68),(109,1,'2024-09-09 00:00:00.000000','2024-09-12 00:00:00.000000',17400.00,'2024-08-28 00:00:00.000000',3,61),(110,2,'2025-01-30 00:00:00.000000','2025-02-05 00:00:00.000000',43200.00,'2025-01-14 00:00:00.000000',3,58),(111,1,'2024-01-09 00:00:00.000000','2024-01-11 00:00:00.000000',8400.00,'2024-01-08 00:00:00.000000',3,2),(112,2,'2024-01-05 00:00:00.000000','2024-01-08 00:00:00.000000',18900.00,'2023-12-26 00:00:00.000000',3,27),(113,4,'2025-03-25 00:00:00.000000','2025-03-28 00:00:00.000000',20400.00,'2025-03-18 00:00:00.000000',3,51),(114,4,'2024-03-17 00:00:00.000000','2024-03-22 00:00:00.000000',31500.00,'2024-03-14 00:00:00.000000',3,27),(115,1,'2025-01-07 00:00:00.000000','2025-01-10 00:00:00.000000',11400.00,'2024-12-23 00:00:00.000000',3,3),(116,2,'2024-03-07 00:00:00.000000','2024-03-08 00:00:00.000000',8500.00,'2024-02-25 00:00:00.000000',3,29),(117,3,'2024-05-26 00:00:00.000000','2024-06-02 00:00:00.000000',50400.00,'2024-05-11 00:00:00.000000',3,58),(118,4,'2024-12-26 00:00:00.000000','2024-12-31 00:00:00.000000',26000.00,'2024-12-19 00:00:00.000000',3,42),(119,2,'2024-04-16 00:00:00.000000','2024-04-17 00:00:00.000000',2900.00,'2024-03-29 00:00:00.000000',3,15),(120,3,'2024-05-23 00:00:00.000000','2024-05-30 00:00:00.000000',59500.00,'2024-05-06 00:00:00.000000',3,67),(121,2,'2024-12-02 00:00:00.000000','2024-12-06 00:00:00.000000',24800.00,'2024-11-12 00:00:00.000000',3,14),(122,4,'2025-04-07 00:00:00.000000','2025-04-09 00:00:00.000000',7600.00,'2025-04-05 00:00:00.000000',3,74),(123,1,'2024-03-10 00:00:00.000000','2024-03-14 00:00:00.000000',20800.00,'2024-03-04 00:00:00.000000',3,52),(124,2,'2024-01-17 00:00:00.000000','2024-01-22 00:00:00.000000',26000.00,'2024-01-12 00:00:00.000000',3,42),(125,3,'2024-12-03 00:00:00.000000','2024-12-07 00:00:00.000000',27200.00,'2024-11-27 00:00:00.000000',3,17),(126,4,'2024-05-05 00:00:00.000000','2024-05-10 00:00:00.000000',37500.00,'2024-04-15 00:00:00.000000',3,18),(127,4,'2025-01-22 00:00:00.000000','2025-01-26 00:00:00.000000',20800.00,'2025-01-20 00:00:00.000000',3,48),(128,3,'2024-09-05 00:00:00.000000','2024-09-08 00:00:00.000000',7500.00,'2024-08-21 00:00:00.000000',3,59),(129,3,'2024-08-13 00:00:00.000000','2024-08-15 00:00:00.000000',8200.00,'2024-08-09 00:00:00.000000',3,36),(130,4,'2024-06-30 00:00:00.000000','2024-07-07 00:00:00.000000',47600.00,'2024-06-28 00:00:00.000000',3,65),(131,2,'2024-01-25 00:00:00.000000','2024-01-30 00:00:00.000000',19000.00,'2024-01-18 00:00:00.000000',3,3),(132,3,'2024-04-01 00:00:00.000000','2024-04-02 00:00:00.000000',6800.00,'2024-03-27 00:00:00.000000',3,51),(133,4,'2024-05-25 00:00:00.000000','2024-05-27 00:00:00.000000',11600.00,'2024-05-22 00:00:00.000000',3,13),(134,2,'2024-10-30 00:00:00.000000','2024-11-03 00:00:00.000000',19200.00,'2024-10-10 00:00:00.000000',3,69),(135,1,'2024-09-05 00:00:00.000000','2024-09-07 00:00:00.000000',14400.00,'2024-08-17 00:00:00.000000',3,22),(136,3,'2024-11-17 00:00:00.000000','2024-11-20 00:00:00.000000',19500.00,'2024-11-01 00:00:00.000000',4,37),(137,3,'2024-10-07 00:00:00.000000','2024-10-08 00:00:00.000000',6200.00,'2024-09-22 00:00:00.000000',4,14),(138,1,'2025-02-01 00:00:00.000000','2025-02-06 00:00:00.000000',39000.00,'2025-01-28 00:00:00.000000',4,23),(139,1,'2025-03-09 00:00:00.000000','2025-03-16 00:00:00.000000',33600.00,'2025-02-28 00:00:00.000000',4,19),(140,2,'2025-03-18 00:00:00.000000','2025-03-24 00:00:00.000000',24600.00,'2025-03-07 00:00:00.000000',4,16),(141,3,'2025-01-27 00:00:00.000000','2025-01-29 00:00:00.000000',9000.00,'2025-01-25 00:00:00.000000',4,75),(142,1,'2024-09-10 00:00:00.000000','2024-09-15 00:00:00.000000',29000.00,'2024-08-24 00:00:00.000000',4,43),(143,2,'2025-03-02 00:00:00.000000','2025-03-04 00:00:00.000000',9400.00,'2025-03-01 00:00:00.000000',4,26),(144,3,'2024-06-13 00:00:00.000000','2024-06-17 00:00:00.000000',22000.00,'2024-06-05 00:00:00.000000',4,56),(145,1,'2024-08-21 00:00:00.000000','2024-08-27 00:00:00.000000',31200.00,'2024-08-01 00:00:00.000000',4,12),(146,4,'2025-04-05 00:00:00.000000','2025-04-12 00:00:00.000000',56000.00,'2025-03-19 00:00:00.000000',4,6),(147,1,'2025-03-10 00:00:00.000000','2025-03-16 00:00:00.000000',17400.00,'2025-03-09 00:00:00.000000',4,15),(148,3,'2025-04-13 00:00:00.000000','2025-04-14 00:00:00.000000',5200.00,'2025-03-28 00:00:00.000000',4,48),(149,3,'2024-06-04 00:00:00.000000','2024-06-10 00:00:00.000000',33000.00,'2024-05-30 00:00:00.000000',4,66),(150,3,'2024-08-18 00:00:00.000000','2024-08-20 00:00:00.000000',11600.00,'2024-08-07 00:00:00.000000',4,43),(151,1,'2025-04-21 00:00:00.000000','2025-04-22 00:00:00.000000',1900.00,'2025-04-11 00:00:00.000000',4,73),(152,3,'2025-04-01 00:00:00.000000','2025-04-08 00:00:00.000000',40600.00,'2025-03-16 00:00:00.000000',4,61),(153,2,'2024-04-27 00:00:00.000000','2024-04-30 00:00:00.000000',16500.00,'2024-04-20 00:00:00.000000',4,21),(154,3,'2024-02-24 00:00:00.000000','2024-02-28 00:00:00.000000',7200.00,'2024-02-19 00:00:00.000000',4,30),(155,4,'2024-11-14 00:00:00.000000','2024-11-15 00:00:00.000000',5200.00,'2024-10-25 00:00:00.000000',4,52),(156,1,'2024-05-03 00:00:00.000000','2024-05-05 00:00:00.000000',7600.00,'2024-04-13 00:00:00.000000',4,3),(157,4,'2024-06-04 00:00:00.000000','2024-06-06 00:00:00.000000',14400.00,'2024-05-31 00:00:00.000000',4,58),(158,2,'2024-10-31 00:00:00.000000','2024-11-02 00:00:00.000000',6400.00,'2024-10-17 00:00:00.000000',4,25),(159,3,'2025-04-04 00:00:00.000000','2025-04-07 00:00:00.000000',5400.00,'2025-04-02 00:00:00.000000',4,30),(160,3,'2024-08-23 00:00:00.000000','2024-08-29 00:00:00.000000',39000.00,'2024-08-17 00:00:00.000000',4,37),(161,1,'2024-06-22 00:00:00.000000','2024-06-29 00:00:00.000000',34300.00,'2024-06-09 00:00:00.000000',4,10),(162,3,'2024-06-29 00:00:00.000000','2024-07-02 00:00:00.000000',13500.00,'2024-06-19 00:00:00.000000',4,8),(163,3,'2024-11-20 00:00:00.000000','2024-11-25 00:00:00.000000',19000.00,'2024-11-15 00:00:00.000000',4,20),(164,3,'2024-02-21 00:00:00.000000','2024-02-27 00:00:00.000000',19200.00,'2024-02-13 00:00:00.000000',4,49),(165,3,'2024-05-10 00:00:00.000000','2024-05-17 00:00:00.000000',56000.00,'2024-04-23 00:00:00.000000',4,53),(166,1,'2024-07-16 00:00:00.000000','2024-07-22 00:00:00.000000',31200.00,'2024-07-01 00:00:00.000000',4,28),(167,1,'2025-01-28 00:00:00.000000','2025-02-03 00:00:00.000000',27000.00,'2025-01-16 00:00:00.000000',4,50),(168,4,'2024-05-16 00:00:00.000000','2024-05-18 00:00:00.000000',7600.00,'2024-04-27 00:00:00.000000',4,60),(169,2,'2025-04-05 00:00:00.000000','2025-04-06 00:00:00.000000',8000.00,'2025-03-21 00:00:00.000000',4,6),(170,3,'2024-02-06 00:00:00.000000','2024-02-10 00:00:00.000000',7600.00,'2024-02-03 00:00:00.000000',4,73),(171,1,'2024-12-24 00:00:00.000000','2024-12-26 00:00:00.000000',12600.00,'2024-12-20 00:00:00.000000',4,27),(172,3,'2024-07-08 00:00:00.000000','2024-07-09 00:00:00.000000',4200.00,'2024-06-28 00:00:00.000000',4,62),(173,1,'2024-04-02 00:00:00.000000','2024-04-07 00:00:00.000000',19000.00,'2024-03-25 00:00:00.000000',4,33),(174,4,'2024-08-06 00:00:00.000000','2024-08-10 00:00:00.000000',14000.00,'2024-07-28 00:00:00.000000',4,68),(175,1,'2024-08-14 00:00:00.000000','2024-08-21 00:00:00.000000',40600.00,'2024-07-26 00:00:00.000000',4,13),(176,1,'2024-04-12 00:00:00.000000','2024-04-15 00:00:00.000000',8700.00,'2024-03-25 00:00:00.000000',4,35),(177,4,'2024-06-20 00:00:00.000000','2024-06-21 00:00:00.000000',4700.00,'2024-06-18 00:00:00.000000',5,26),(178,4,'2024-06-09 00:00:00.000000','2024-06-13 00:00:00.000000',18000.00,'2024-06-06 00:00:00.000000',5,75),(179,4,'2024-08-27 00:00:00.000000','2024-09-03 00:00:00.000000',31500.00,'2024-08-11 00:00:00.000000',5,75),(180,1,'2024-03-16 00:00:00.000000','2024-03-20 00:00:00.000000',16400.00,'2024-03-12 00:00:00.000000',5,36),(181,2,'2025-04-24 00:00:00.000000','2025-04-28 00:00:00.000000',12800.00,'2025-04-22 00:00:00.000000',5,63),(182,3,'2025-04-19 00:00:00.000000','2025-04-20 00:00:00.000000',7500.00,'2025-03-31 00:00:00.000000',5,39),(183,4,'2024-07-11 00:00:00.000000','2024-07-12 00:00:00.000000',4800.00,'2024-07-01 00:00:00.000000',5,64),(184,2,'2024-06-25 00:00:00.000000','2024-07-01 00:00:00.000000',34800.00,'2024-06-19 00:00:00.000000',5,34),(185,1,'2025-04-18 00:00:00.000000','2025-04-22 00:00:00.000000',24800.00,'2025-04-16 00:00:00.000000',5,14),(186,3,'2024-05-05 00:00:00.000000','2024-05-11 00:00:00.000000',51000.00,'2024-04-17 00:00:00.000000',5,67),(187,4,'2024-03-11 00:00:00.000000','2024-03-12 00:00:00.000000',1800.00,'2024-03-08 00:00:00.000000',5,30),(188,2,'2024-10-14 00:00:00.000000','2024-10-20 00:00:00.000000',28800.00,'2024-10-07 00:00:00.000000',5,38),(189,4,'2024-09-29 00:00:00.000000','2024-10-06 00:00:00.000000',50400.00,'2024-09-12 00:00:00.000000',5,9),(190,4,'2025-03-31 00:00:00.000000','2025-04-05 00:00:00.000000',37500.00,'2025-03-25 00:00:00.000000',5,39),(191,1,'2024-10-19 00:00:00.000000','2024-10-22 00:00:00.000000',21600.00,'2024-10-07 00:00:00.000000',5,9),(192,4,'2024-09-06 00:00:00.000000','2024-09-11 00:00:00.000000',16000.00,'2024-08-31 00:00:00.000000',5,49),(193,3,'2024-12-19 00:00:00.000000','2024-12-22 00:00:00.000000',12600.00,'2024-12-01 00:00:00.000000',5,62),(194,4,'2024-05-02 00:00:00.000000','2024-05-04 00:00:00.000000',8200.00,'2024-04-27 00:00:00.000000',5,16),(195,1,'2025-03-30 00:00:00.000000','2025-04-06 00:00:00.000000',66500.00,'2025-03-15 00:00:00.000000',5,24),(196,1,'2025-03-21 00:00:00.000000','2025-03-22 00:00:00.000000',4800.00,'2025-03-03 00:00:00.000000',5,38),(197,1,'2024-06-29 00:00:00.000000','2024-07-04 00:00:00.000000',16000.00,'2024-06-24 00:00:00.000000',5,49),(198,1,'2025-03-03 00:00:00.000000','2025-03-05 00:00:00.000000',9000.00,'2025-02-27 00:00:00.000000',5,50),(199,1,'2024-09-13 00:00:00.000000','2024-09-20 00:00:00.000000',12600.00,'2024-08-31 00:00:00.000000',5,44),(200,1,'2024-07-19 00:00:00.000000','2024-07-21 00:00:00.000000',7600.00,'2024-07-01 00:00:00.000000',5,46),(201,4,'2024-05-12 00:00:00.000000','2024-05-18 00:00:00.000000',45000.00,'2024-04-23 00:00:00.000000',5,18),(202,3,'2025-02-13 00:00:00.000000','2025-02-19 00:00:00.000000',22800.00,'2025-02-09 00:00:00.000000',5,74),(203,2,'2025-02-24 00:00:00.000000','2025-02-27 00:00:00.000000',18900.00,'2025-02-18 00:00:00.000000',5,27),(204,3,'2024-01-29 00:00:00.000000','2024-02-02 00:00:00.000000',20800.00,'2024-01-16 00:00:00.000000',5,28),(205,2,'2024-05-26 00:00:00.000000','2024-06-02 00:00:00.000000',26600.00,'2024-05-09 00:00:00.000000',5,60),(206,3,'2025-03-19 00:00:00.000000','2025-03-26 00:00:00.000000',22400.00,'2025-02-27 00:00:00.000000',5,25),(207,4,'2024-04-13 00:00:00.000000','2024-04-19 00:00:00.000000',51000.00,'2024-04-10 00:00:00.000000',5,29),(208,3,'2025-01-09 00:00:00.000000','2025-01-10 00:00:00.000000',5800.00,'2024-12-31 00:00:00.000000',5,34),(209,4,'2024-05-09 00:00:00.000000','2024-05-14 00:00:00.000000',16000.00,'2024-04-26 00:00:00.000000',5,7),(210,3,'2024-02-23 00:00:00.000000','2024-02-25 00:00:00.000000',8400.00,'2024-02-06 00:00:00.000000',5,62),(211,1,'2024-05-16 00:00:00.000000','2024-05-22 00:00:00.000000',22800.00,'2024-05-07 00:00:00.000000',5,55),(212,3,'2024-04-25 00:00:00.000000','2024-04-28 00:00:00.000000',15600.00,'2024-04-10 00:00:00.000000',5,28),(213,1,'2024-09-07 00:00:00.000000','2024-09-11 00:00:00.000000',31200.00,'2024-09-03 00:00:00.000000',5,72),(214,1,'2024-04-02 00:00:00.000000','2024-04-04 00:00:00.000000',9600.00,'2024-03-22 00:00:00.000000',5,38),(215,4,'2024-05-25 00:00:00.000000','2024-06-01 00:00:00.000000',40600.00,'2024-05-15 00:00:00.000000',5,13),(216,1,'2024-07-09 00:00:00.000000','2024-07-15 00:00:00.000000',27000.00,'2024-06-30 00:00:00.000000',5,8),(217,4,'2025-01-30 00:00:00.000000','2025-01-31 00:00:00.000000',5200.00,'2025-01-16 00:00:00.000000',5,52),(218,2,'2025-01-14 00:00:00.000000','2025-01-21 00:00:00.000000',54600.00,'2024-12-28 00:00:00.000000',6,5),(219,4,'2024-07-11 00:00:00.000000','2024-07-17 00:00:00.000000',37800.00,'2024-07-02 00:00:00.000000',6,27),(220,3,'2025-02-11 00:00:00.000000','2025-02-15 00:00:00.000000',19200.00,'2025-02-05 00:00:00.000000',6,38),(221,4,'2024-10-08 00:00:00.000000','2024-10-11 00:00:00.000000',17400.00,'2024-09-20 00:00:00.000000',6,13),(222,4,'2024-12-24 00:00:00.000000','2024-12-25 00:00:00.000000',4500.00,'2024-12-20 00:00:00.000000',6,47),(223,1,'2024-11-24 00:00:00.000000','2024-11-29 00:00:00.000000',22500.00,'2024-11-10 00:00:00.000000',6,75),(224,2,'2024-07-01 00:00:00.000000','2024-07-05 00:00:00.000000',20800.00,'2024-06-11 00:00:00.000000',6,70),(225,1,'2024-06-20 00:00:00.000000','2024-06-22 00:00:00.000000',15000.00,'2024-06-04 00:00:00.000000',6,39),(226,1,'2024-01-23 00:00:00.000000','2024-01-28 00:00:00.000000',40000.00,'2024-01-03 00:00:00.000000',6,53),(227,2,'2024-06-20 00:00:00.000000','2024-06-27 00:00:00.000000',50400.00,'2024-06-03 00:00:00.000000',6,58),(228,3,'2025-03-07 00:00:00.000000','2025-03-08 00:00:00.000000',4100.00,'2025-02-26 00:00:00.000000',6,16),(229,4,'2024-02-26 00:00:00.000000','2024-03-03 00:00:00.000000',34800.00,'2024-02-18 00:00:00.000000',6,34),(230,1,'2024-02-20 00:00:00.000000','2024-02-24 00:00:00.000000',32000.00,'2024-02-15 00:00:00.000000',6,53),(231,2,'2025-03-08 00:00:00.000000','2025-03-13 00:00:00.000000',24000.00,'2025-02-23 00:00:00.000000',6,19),(232,1,'2024-04-10 00:00:00.000000','2024-04-16 00:00:00.000000',39000.00,'2024-03-24 00:00:00.000000',6,37),(233,4,'2024-09-16 00:00:00.000000','2024-09-20 00:00:00.000000',26000.00,'2024-09-03 00:00:00.000000',6,4),(234,3,'2024-07-14 00:00:00.000000','2024-07-20 00:00:00.000000',28800.00,'2024-07-12 00:00:00.000000',6,19),(235,3,'2024-05-27 00:00:00.000000','2024-05-29 00:00:00.000000',15600.00,'2024-05-18 00:00:00.000000',6,72),(236,4,'2024-05-21 00:00:00.000000','2024-05-28 00:00:00.000000',47600.00,'2024-05-06 00:00:00.000000',6,51),(237,2,'2024-06-29 00:00:00.000000','2024-06-30 00:00:00.000000',7200.00,'2024-06-26 00:00:00.000000',6,9),(238,3,'2025-01-30 00:00:00.000000','2025-02-05 00:00:00.000000',15000.00,'2025-01-19 00:00:00.000000',6,59),(239,2,'2025-02-25 00:00:00.000000','2025-02-26 00:00:00.000000',5800.00,'2025-02-22 00:00:00.000000',6,43),(240,3,'2024-03-26 00:00:00.000000','2024-03-29 00:00:00.000000',12600.00,'2024-03-10 00:00:00.000000',6,57),(241,3,'2025-01-16 00:00:00.000000','2025-01-18 00:00:00.000000',3800.00,'2025-01-10 00:00:00.000000',6,73),(242,2,'2024-09-23 00:00:00.000000','2024-09-25 00:00:00.000000',7600.00,'2024-09-20 00:00:00.000000',6,3),(243,1,'2024-04-24 00:00:00.000000','2024-05-01 00:00:00.000000',22400.00,'2024-04-10 00:00:00.000000',6,49),(244,1,'2024-08-30 00:00:00.000000','2024-09-05 00:00:00.000000',28800.00,'2024-08-11 00:00:00.000000',6,38),(245,1,'2025-03-20 00:00:00.000000','2025-03-25 00:00:00.000000',37500.00,'2025-03-09 00:00:00.000000',6,39),(246,2,'2024-08-07 00:00:00.000000','2024-08-08 00:00:00.000000',4100.00,'2024-07-25 00:00:00.000000',6,16),(247,2,'2025-04-23 00:00:00.000000','2025-04-27 00:00:00.000000',11600.00,'2025-04-17 00:00:00.000000',6,35),(248,4,'2024-10-28 00:00:00.000000','2024-10-29 00:00:00.000000',3800.00,'2024-10-08 00:00:00.000000',6,46),(249,4,'2025-01-03 00:00:00.000000','2025-01-05 00:00:00.000000',16000.00,'2025-01-02 00:00:00.000000',6,6),(250,3,'2024-05-18 00:00:00.000000','2024-05-22 00:00:00.000000',22000.00,'2024-05-13 00:00:00.000000',6,56),(251,2,'2025-04-23 00:00:00.000000','2025-04-30 00:00:00.000000',40600.00,'2025-04-04 00:00:00.000000',6,43),(252,3,'2024-04-03 00:00:00.000000','2024-04-06 00:00:00.000000',11400.00,'2024-03-14 00:00:00.000000',6,20),(253,1,'2024-05-28 00:00:00.000000','2024-05-30 00:00:00.000000',9000.00,'2024-05-18 00:00:00.000000',6,47),(254,4,'2024-01-27 00:00:00.000000','2024-01-28 00:00:00.000000',5800.00,'2024-01-22 00:00:00.000000',6,13),(255,3,'2024-05-24 00:00:00.000000','2024-05-31 00:00:00.000000',29400.00,'2024-05-23 00:00:00.000000',6,41),(256,4,'2024-11-15 00:00:00.000000','2024-11-22 00:00:00.000000',33600.00,'2024-10-28 00:00:00.000000',6,38),(257,1,'2024-02-13 00:00:00.000000','2024-02-16 00:00:00.000000',15600.00,'2024-01-25 00:00:00.000000',6,48),(258,3,'2024-11-14 00:00:00.000000','2024-11-17 00:00:00.000000',20400.00,'2024-11-10 00:00:00.000000',6,51),(259,4,'2025-01-11 00:00:00.000000','2025-01-12 00:00:00.000000',4200.00,'2025-01-01 00:00:00.000000',6,41),(260,4,'2025-03-15 00:00:00.000000','2025-03-19 00:00:00.000000',16800.00,'2025-03-13 00:00:00.000000',6,2),(261,4,'2025-02-25 00:00:00.000000','2025-03-02 00:00:00.000000',39000.00,'2025-02-20 00:00:00.000000',7,72),(262,2,'2024-04-19 00:00:00.000000','2024-04-21 00:00:00.000000',5600.00,'2024-04-01 00:00:00.000000',7,54),(263,3,'2024-10-16 00:00:00.000000','2024-10-22 00:00:00.000000',17400.00,'2024-10-08 00:00:00.000000',7,15),(264,2,'2024-03-17 00:00:00.000000','2024-03-23 00:00:00.000000',33000.00,'2024-03-07 00:00:00.000000',7,21),(265,2,'2024-03-25 00:00:00.000000','2024-04-01 00:00:00.000000',22400.00,'2024-03-23 00:00:00.000000',7,31),(266,1,'2024-03-04 00:00:00.000000','2024-03-06 00:00:00.000000',14400.00,'2024-02-20 00:00:00.000000',7,22),(267,3,'2024-01-04 00:00:00.000000','2024-01-07 00:00:00.000000',22500.00,'2023-12-15 00:00:00.000000',7,39),(268,3,'2024-05-17 00:00:00.000000','2024-05-18 00:00:00.000000',3800.00,'2024-05-11 00:00:00.000000',7,20),(269,4,'2024-06-02 00:00:00.000000','2024-06-07 00:00:00.000000',26000.00,'2024-05-29 00:00:00.000000',7,52),(270,3,'2024-11-19 00:00:00.000000','2024-11-25 00:00:00.000000',21000.00,'2024-11-15 00:00:00.000000',7,11),(271,4,'2025-03-05 00:00:00.000000','2025-03-06 00:00:00.000000',7200.00,'2025-02-16 00:00:00.000000',7,58),(272,2,'2024-09-14 00:00:00.000000','2024-09-15 00:00:00.000000',3500.00,'2024-09-13 00:00:00.000000',7,45),(273,2,'2025-02-25 00:00:00.000000','2025-03-01 00:00:00.000000',18800.00,'2025-02-21 00:00:00.000000',7,26),(274,2,'2024-06-04 00:00:00.000000','2024-06-08 00:00:00.000000',19200.00,'2024-05-26 00:00:00.000000',7,38),(275,1,'2024-02-11 00:00:00.000000','2024-02-18 00:00:00.000000',33600.00,'2024-01-30 00:00:00.000000',7,69),(276,4,'2024-03-16 00:00:00.000000','2024-03-17 00:00:00.000000',4200.00,'2024-02-29 00:00:00.000000',7,41),(277,2,'2024-08-30 00:00:00.000000','2024-09-03 00:00:00.000000',27200.00,'2024-08-26 00:00:00.000000',7,17),(278,4,'2024-10-19 00:00:00.000000','2024-10-21 00:00:00.000000',10400.00,'2024-10-01 00:00:00.000000',7,48),(279,4,'2025-04-21 00:00:00.000000','2025-04-24 00:00:00.000000',11400.00,'2025-04-04 00:00:00.000000',7,60),(280,3,'2024-07-30 00:00:00.000000','2024-08-05 00:00:00.000000',31200.00,'2024-07-22 00:00:00.000000',7,42),(281,4,'2025-01-21 00:00:00.000000','2025-01-25 00:00:00.000000',15200.00,'2025-01-10 00:00:00.000000',7,74),(282,4,'2024-07-07 00:00:00.000000','2024-07-10 00:00:00.000000',19500.00,'2024-07-01 00:00:00.000000',7,4),(283,1,'2024-01-18 00:00:00.000000','2024-01-22 00:00:00.000000',16800.00,'2024-01-12 00:00:00.000000',7,2),(284,3,'2024-05-16 00:00:00.000000','2024-05-17 00:00:00.000000',1800.00,'2024-05-06 00:00:00.000000',7,44),(285,3,'2024-07-07 00:00:00.000000','2024-07-10 00:00:00.000000',14400.00,'2024-07-04 00:00:00.000000',7,69),(286,1,'2025-01-01 00:00:00.000000','2025-01-07 00:00:00.000000',25200.00,'2024-12-30 00:00:00.000000',7,2),(287,3,'2025-03-10 00:00:00.000000','2025-03-16 00:00:00.000000',22800.00,'2025-02-18 00:00:00.000000',7,55),(288,3,'2024-05-20 00:00:00.000000','2024-05-24 00:00:00.000000',18800.00,'2024-05-18 00:00:00.000000',7,26),(289,2,'2024-08-15 00:00:00.000000','2024-08-21 00:00:00.000000',39000.00,'2024-07-29 00:00:00.000000',7,37),(290,2,'2024-10-05 00:00:00.000000','2024-10-09 00:00:00.000000',23200.00,'2024-09-23 00:00:00.000000',7,61),(291,3,'2025-02-17 00:00:00.000000','2025-02-18 00:00:00.000000',5200.00,'2025-02-01 00:00:00.000000',7,70),(292,4,'2024-11-10 00:00:00.000000','2024-11-15 00:00:00.000000',21000.00,'2024-11-02 00:00:00.000000',7,2),(293,2,'2024-09-03 00:00:00.000000','2024-09-10 00:00:00.000000',36400.00,'2024-08-14 00:00:00.000000',7,52),(294,2,'2025-02-02 00:00:00.000000','2025-02-05 00:00:00.000000',8400.00,'2025-01-26 00:00:00.000000',7,1),(295,4,'2024-06-30 00:00:00.000000','2024-07-04 00:00:00.000000',7200.00,'2024-06-24 00:00:00.000000',7,44),(296,2,'2025-03-06 00:00:00.000000','2025-03-08 00:00:00.000000',9600.00,'2025-02-23 00:00:00.000000',7,64),(297,4,'2024-10-30 00:00:00.000000','2024-11-04 00:00:00.000000',17500.00,'2024-10-18 00:00:00.000000',7,11),(298,4,'2024-02-08 00:00:00.000000','2024-02-10 00:00:00.000000',9600.00,'2024-02-05 00:00:00.000000',7,64),(299,1,'2024-08-07 00:00:00.000000','2024-08-09 00:00:00.000000',13600.00,'2024-08-03 00:00:00.000000',7,17),(300,2,'2024-05-25 00:00:00.000000','2024-05-30 00:00:00.000000',16000.00,'2024-05-09 00:00:00.000000',7,49),(301,3,'2024-07-11 00:00:00.000000','2024-07-14 00:00:00.000000',13500.00,'2024-06-23 00:00:00.000000',7,50),(302,2,'2024-08-10 00:00:00.000000','2024-08-15 00:00:00.000000',14500.00,'2024-07-31 00:00:00.000000',7,15),(303,4,'2024-06-26 00:00:00.000000','2024-07-01 00:00:00.000000',42500.00,'2024-06-19 00:00:00.000000',8,67),(304,3,'2024-04-25 00:00:00.000000','2024-04-27 00:00:00.000000',7600.00,'2024-04-11 00:00:00.000000',8,55),(305,3,'2025-01-21 00:00:00.000000','2025-01-27 00:00:00.000000',19200.00,'2025-01-03 00:00:00.000000',8,63),(306,2,'2024-08-08 00:00:00.000000','2024-08-09 00:00:00.000000',5800.00,'2024-07-27 00:00:00.000000',8,34),(307,2,'2024-08-11 00:00:00.000000','2024-08-13 00:00:00.000000',5600.00,'2024-08-08 00:00:00.000000',8,54),(308,3,'2024-08-13 00:00:00.000000','2024-08-19 00:00:00.000000',31200.00,'2024-08-09 00:00:00.000000',8,70),(309,4,'2024-02-19 00:00:00.000000','2024-02-26 00:00:00.000000',47600.00,'2024-02-11 00:00:00.000000',8,17),(310,3,'2024-07-21 00:00:00.000000','2024-07-27 00:00:00.000000',19200.00,'2024-07-14 00:00:00.000000',8,63),(311,1,'2024-10-30 00:00:00.000000','2024-11-06 00:00:00.000000',26600.00,'2024-10-25 00:00:00.000000',8,60),(312,2,'2024-11-12 00:00:00.000000','2024-11-17 00:00:00.000000',29000.00,'2024-10-26 00:00:00.000000',8,13),(313,3,'2024-01-25 00:00:00.000000','2024-01-30 00:00:00.000000',40000.00,'2024-01-13 00:00:00.000000',8,53),(314,3,'2024-09-23 00:00:00.000000','2024-09-27 00:00:00.000000',15200.00,'2024-09-21 00:00:00.000000',8,3),(315,2,'2024-09-29 00:00:00.000000','2024-10-02 00:00:00.000000',10500.00,'2024-09-18 00:00:00.000000',8,11),(316,1,'2025-04-13 00:00:00.000000','2025-04-18 00:00:00.000000',9000.00,'2025-03-31 00:00:00.000000',8,44),(317,4,'2024-08-10 00:00:00.000000','2024-08-17 00:00:00.000000',29400.00,'2024-07-21 00:00:00.000000',8,57),(318,3,'2024-11-12 00:00:00.000000','2024-11-16 00:00:00.000000',23200.00,'2024-10-25 00:00:00.000000',8,43),(319,1,'2024-07-10 00:00:00.000000','2024-07-11 00:00:00.000000',4900.00,'2024-07-08 00:00:00.000000',8,10),(320,1,'2024-10-22 00:00:00.000000','2024-10-23 00:00:00.000000',4200.00,'2024-10-20 00:00:00.000000',8,2),(321,4,'2024-04-17 00:00:00.000000','2024-04-21 00:00:00.000000',28800.00,'2024-04-12 00:00:00.000000',8,9),(322,4,'2024-04-13 00:00:00.000000','2024-04-17 00:00:00.000000',15200.00,'2024-03-24 00:00:00.000000',8,46),(323,2,'2024-04-14 00:00:00.000000','2024-04-21 00:00:00.000000',22400.00,'2024-03-30 00:00:00.000000',8,31),(324,4,'2024-02-23 00:00:00.000000','2024-02-26 00:00:00.000000',11400.00,'2024-02-14 00:00:00.000000',8,46),(325,4,'2024-12-05 00:00:00.000000','2024-12-08 00:00:00.000000',21600.00,'2024-11-29 00:00:00.000000',8,58),(326,3,'2024-10-29 00:00:00.000000','2024-10-30 00:00:00.000000',4200.00,'2024-10-16 00:00:00.000000',8,2),(327,1,'2024-11-07 00:00:00.000000','2024-11-10 00:00:00.000000',18600.00,'2024-11-02 00:00:00.000000',8,14),(328,1,'2024-02-21 00:00:00.000000','2024-02-26 00:00:00.000000',16000.00,'2024-02-14 00:00:00.000000',8,49),(329,1,'2025-04-20 00:00:00.000000','2025-04-24 00:00:00.000000',25200.00,'2025-04-17 00:00:00.000000',8,27),(330,2,'2024-07-24 00:00:00.000000','2024-07-29 00:00:00.000000',40000.00,'2024-07-18 00:00:00.000000',8,6),(331,3,'2024-02-13 00:00:00.000000','2024-02-16 00:00:00.000000',9600.00,'2024-01-29 00:00:00.000000',8,31),(332,4,'2024-07-09 00:00:00.000000','2024-07-14 00:00:00.000000',16000.00,'2024-07-07 00:00:00.000000',8,31),(333,3,'2024-06-04 00:00:00.000000','2024-06-11 00:00:00.000000',45500.00,'2024-05-20 00:00:00.000000',8,4),(334,4,'2024-06-10 00:00:00.000000','2024-06-11 00:00:00.000000',3100.00,'2024-06-02 00:00:00.000000',8,40),(335,4,'2024-05-08 00:00:00.000000','2024-05-10 00:00:00.000000',5800.00,'2024-04-22 00:00:00.000000',8,15),(336,3,'2025-03-08 00:00:00.000000','2025-03-15 00:00:00.000000',54600.00,'2025-02-27 00:00:00.000000',8,23),(337,1,'2024-02-05 00:00:00.000000','2024-02-06 00:00:00.000000',3200.00,'2024-01-20 00:00:00.000000',8,63),(338,3,'2025-03-21 00:00:00.000000','2025-03-23 00:00:00.000000',14400.00,'2025-03-03 00:00:00.000000',8,58),(339,3,'2024-05-17 00:00:00.000000','2024-05-18 00:00:00.000000',5500.00,'2024-05-09 00:00:00.000000',8,56),(340,4,'2024-02-14 00:00:00.000000','2024-02-18 00:00:00.000000',19200.00,'2024-02-01 00:00:00.000000',8,19),(341,1,'2024-03-12 00:00:00.000000','2024-03-15 00:00:00.000000',8700.00,'2024-03-06 00:00:00.000000',8,35),(342,1,'2024-05-22 00:00:00.000000','2024-05-26 00:00:00.000000',34000.00,'2024-05-20 00:00:00.000000',8,67),(343,1,'2025-03-21 00:00:00.000000','2025-03-26 00:00:00.000000',12500.00,'2025-03-04 00:00:00.000000',8,59),(344,1,'2024-11-25 00:00:00.000000','2024-11-28 00:00:00.000000',5700.00,'2024-11-08 00:00:00.000000',8,73),(345,1,'2025-03-20 00:00:00.000000','2025-03-22 00:00:00.000000',9600.00,'2025-03-10 00:00:00.000000',9,38),(346,2,'2025-02-10 00:00:00.000000','2025-02-14 00:00:00.000000',10000.00,'2025-01-24 00:00:00.000000',9,59),(347,2,'2024-04-03 00:00:00.000000','2024-04-04 00:00:00.000000',8500.00,'2024-03-25 00:00:00.000000',9,29),(348,4,'2024-09-09 00:00:00.000000','2024-09-14 00:00:00.000000',19000.00,'2024-08-29 00:00:00.000000',9,46),(349,4,'2024-06-10 00:00:00.000000','2024-06-16 00:00:00.000000',28800.00,'2024-05-31 00:00:00.000000',9,69),(350,4,'2025-03-09 00:00:00.000000','2025-03-14 00:00:00.000000',42500.00,'2025-02-18 00:00:00.000000',9,29),(351,1,'2024-04-04 00:00:00.000000','2024-04-10 00:00:00.000000',39000.00,'2024-03-26 00:00:00.000000',9,4),(352,2,'2025-04-14 00:00:00.000000','2025-04-20 00:00:00.000000',39000.00,'2025-04-03 00:00:00.000000',9,4),(353,2,'2025-01-09 00:00:00.000000','2025-01-15 00:00:00.000000',17400.00,'2024-12-21 00:00:00.000000',9,35),(354,2,'2024-02-22 00:00:00.000000','2024-02-25 00:00:00.000000',13500.00,'2024-02-15 00:00:00.000000',9,75),(355,4,'2024-07-02 00:00:00.000000','2024-07-06 00:00:00.000000',24800.00,'2024-06-12 00:00:00.000000',9,14),(356,2,'2025-03-12 00:00:00.000000','2025-03-14 00:00:00.000000',7000.00,'2025-03-09 00:00:00.000000',9,68),(357,3,'2024-05-31 00:00:00.000000','2024-06-03 00:00:00.000000',21600.00,'2024-05-16 00:00:00.000000',9,22),(358,2,'2024-08-14 00:00:00.000000','2024-08-21 00:00:00.000000',29400.00,'2024-08-02 00:00:00.000000',9,76),(359,1,'2024-07-07 00:00:00.000000','2024-07-13 00:00:00.000000',21000.00,'2024-06-19 00:00:00.000000',9,68),(360,1,'2024-03-04 00:00:00.000000','2024-03-05 00:00:00.000000',7500.00,'2024-02-28 00:00:00.000000',9,39),(361,2,'2025-03-31 00:00:00.000000','2025-04-02 00:00:00.000000',17000.00,'2025-03-17 00:00:00.000000',9,67),(362,4,'2025-02-21 00:00:00.000000','2025-02-24 00:00:00.000000',18600.00,'2025-02-05 00:00:00.000000',9,71),(363,3,'2024-05-20 00:00:00.000000','2024-05-23 00:00:00.000000',14400.00,'2024-05-14 00:00:00.000000',9,64),(364,1,'2025-03-08 00:00:00.000000','2025-03-15 00:00:00.000000',36400.00,'2025-02-17 00:00:00.000000',9,52),(365,3,'2024-12-16 00:00:00.000000','2024-12-17 00:00:00.000000',6200.00,'2024-12-13 00:00:00.000000',9,14),(366,4,'2024-12-25 00:00:00.000000','2024-12-30 00:00:00.000000',21000.00,'2024-12-15 00:00:00.000000',9,62),(367,4,'2025-03-06 00:00:00.000000','2025-03-13 00:00:00.000000',36400.00,'2025-02-18 00:00:00.000000',9,70),(368,2,'2024-06-30 00:00:00.000000','2024-07-06 00:00:00.000000',31200.00,'2024-06-24 00:00:00.000000',9,28),(369,1,'2024-05-25 00:00:00.000000','2024-05-26 00:00:00.000000',1900.00,'2024-05-24 00:00:00.000000',9,73),(370,2,'2025-01-14 00:00:00.000000','2025-01-20 00:00:00.000000',28800.00,'2024-12-25 00:00:00.000000',9,19),(371,1,'2025-04-02 00:00:00.000000','2025-04-06 00:00:00.000000',27200.00,'2025-04-01 00:00:00.000000',9,17),(372,4,'2025-01-27 00:00:00.000000','2025-01-29 00:00:00.000000',6400.00,'2025-01-18 00:00:00.000000',9,7),(373,3,'2024-10-07 00:00:00.000000','2024-10-11 00:00:00.000000',20800.00,'2024-09-21 00:00:00.000000',9,48),(374,1,'2024-10-16 00:00:00.000000','2024-10-23 00:00:00.000000',45500.00,'2024-10-05 00:00:00.000000',9,4),(375,4,'2024-09-08 00:00:00.000000','2024-09-10 00:00:00.000000',11600.00,'2024-09-01 00:00:00.000000',9,43),(376,2,'2024-12-03 00:00:00.000000','2024-12-06 00:00:00.000000',15600.00,'2024-11-22 00:00:00.000000',9,52),(377,3,'2024-03-10 00:00:00.000000','2024-03-12 00:00:00.000000',11600.00,'2024-03-06 00:00:00.000000',9,13),(378,2,'2024-03-05 00:00:00.000000','2024-03-12 00:00:00.000000',20300.00,'2024-03-04 00:00:00.000000',9,15),(379,3,'2024-09-27 00:00:00.000000','2024-10-01 00:00:00.000000',16400.00,'2024-09-07 00:00:00.000000',9,36),(380,2,'2024-11-30 00:00:00.000000','2024-12-03 00:00:00.000000',22500.00,'2024-11-29 00:00:00.000000',9,18),(381,4,'2025-03-28 00:00:00.000000','2025-03-29 00:00:00.000000',4200.00,'2025-03-25 00:00:00.000000',9,62),(382,4,'2025-04-24 00:00:00.000000','2025-04-25 00:00:00.000000',3500.00,'2025-04-18 00:00:00.000000',9,68),(383,3,'2025-04-18 00:00:00.000000','2025-04-22 00:00:00.000000',26000.00,'2025-03-29 00:00:00.000000',9,4),(384,3,'2024-04-02 00:00:00.000000','2024-04-08 00:00:00.000000',28800.00,'2024-03-28 00:00:00.000000',9,64),(385,4,'2024-01-17 00:00:00.000000','2024-01-21 00:00:00.000000',22000.00,'2024-01-14 00:00:00.000000',9,66),(386,1,'2024-03-05 00:00:00.000000','2024-03-11 00:00:00.000000',27000.00,'2024-03-02 00:00:00.000000',9,50),(387,2,'2024-03-29 00:00:00.000000','2024-03-30 00:00:00.000000',4800.00,'2024-03-19 00:00:00.000000',9,19),(388,4,'2025-01-15 00:00:00.000000','2025-01-16 00:00:00.000000',4200.00,'2025-01-10 00:00:00.000000',9,62),(389,3,'2025-03-23 00:00:00.000000','2025-03-29 00:00:00.000000',25200.00,'2025-03-07 00:00:00.000000',10,2),(390,2,'2024-10-01 00:00:00.000000','2024-10-08 00:00:00.000000',31500.00,'2024-09-21 00:00:00.000000',10,32),(391,2,'2024-04-12 00:00:00.000000','2024-04-13 00:00:00.000000',1800.00,'2024-04-09 00:00:00.000000',10,44),(392,4,'2024-02-17 00:00:00.000000','2024-02-21 00:00:00.000000',15200.00,'2024-02-06 00:00:00.000000',10,46),(393,2,'2024-07-24 00:00:00.000000','2024-07-27 00:00:00.000000',19500.00,'2024-07-08 00:00:00.000000',10,37),(394,4,'2025-02-01 00:00:00.000000','2025-02-08 00:00:00.000000',26600.00,'2025-01-12 00:00:00.000000',10,33),(395,4,'2024-08-11 00:00:00.000000','2024-08-15 00:00:00.000000',20800.00,'2024-07-22 00:00:00.000000',10,12),(396,4,'2024-03-07 00:00:00.000000','2024-03-10 00:00:00.000000',13500.00,'2024-03-03 00:00:00.000000',10,75),(397,2,'2024-12-05 00:00:00.000000','2024-12-11 00:00:00.000000',28800.00,'2024-12-04 00:00:00.000000',10,64),(398,2,'2024-04-17 00:00:00.000000','2024-04-21 00:00:00.000000',27200.00,'2024-04-03 00:00:00.000000',10,17),(399,1,'2024-01-25 00:00:00.000000','2024-01-27 00:00:00.000000',6400.00,'2024-01-18 00:00:00.000000',10,49),(400,1,'2024-10-24 00:00:00.000000','2024-10-28 00:00:00.000000',11200.00,'2024-10-14 00:00:00.000000',10,1),(401,2,'2025-04-22 00:00:00.000000','2025-04-25 00:00:00.000000',25500.00,'2025-04-08 00:00:00.000000',10,29),(402,4,'2024-12-27 00:00:00.000000','2025-01-03 00:00:00.000000',40600.00,'2024-12-18 00:00:00.000000',10,43),(403,3,'2024-09-19 00:00:00.000000','2024-09-21 00:00:00.000000',12600.00,'2024-09-01 00:00:00.000000',10,27),(404,3,'2025-04-19 00:00:00.000000','2025-04-26 00:00:00.000000',50400.00,'2025-04-13 00:00:00.000000',10,58),(405,3,'2024-09-14 00:00:00.000000','2024-09-15 00:00:00.000000',8000.00,'2024-09-09 00:00:00.000000',10,6),(406,2,'2024-03-10 00:00:00.000000','2024-03-14 00:00:00.000000',12800.00,'2024-02-29 00:00:00.000000',10,25),(407,4,'2025-03-01 00:00:00.000000','2025-03-05 00:00:00.000000',28800.00,'2025-02-11 00:00:00.000000',10,22),(408,1,'2024-05-14 00:00:00.000000','2024-05-18 00:00:00.000000',27200.00,'2024-04-27 00:00:00.000000',10,17),(409,2,'2024-09-06 00:00:00.000000','2024-09-09 00:00:00.000000',24000.00,'2024-08-17 00:00:00.000000',10,53),(410,2,'2024-01-07 00:00:00.000000','2024-01-13 00:00:00.000000',18600.00,'2023-12-30 00:00:00.000000',10,40),(411,3,'2024-08-18 00:00:00.000000','2024-08-23 00:00:00.000000',40000.00,'2024-08-06 00:00:00.000000',10,53),(412,3,'2025-02-07 00:00:00.000000','2025-02-13 00:00:00.000000',28800.00,'2025-02-04 00:00:00.000000',10,69),(413,1,'2024-09-23 00:00:00.000000','2024-09-27 00:00:00.000000',12800.00,'2024-09-10 00:00:00.000000',10,49),(414,4,'2024-05-16 00:00:00.000000','2024-05-18 00:00:00.000000',19000.00,'2024-04-27 00:00:00.000000',10,24),(415,4,'2025-04-13 00:00:00.000000','2025-04-19 00:00:00.000000',19200.00,'2025-03-28 00:00:00.000000',10,63),(416,2,'2024-01-06 00:00:00.000000','2024-01-08 00:00:00.000000',11600.00,'2023-12-24 00:00:00.000000',10,61),(417,3,'2024-02-22 00:00:00.000000','2024-02-28 00:00:00.000000',34800.00,'2024-02-03 00:00:00.000000',10,13),(418,1,'2024-12-08 00:00:00.000000','2024-12-10 00:00:00.000000',10400.00,'2024-12-06 00:00:00.000000',10,52),(419,4,'2024-03-11 00:00:00.000000','2024-03-12 00:00:00.000000',9500.00,'2024-02-22 00:00:00.000000',10,24),(420,1,'2025-03-10 00:00:00.000000','2025-03-12 00:00:00.000000',3600.00,'2025-02-23 00:00:00.000000',10,44),(421,2,'2024-07-22 00:00:00.000000','2024-07-29 00:00:00.000000',31500.00,'2024-07-16 00:00:00.000000',10,50),(422,2,'2024-02-17 00:00:00.000000','2024-02-23 00:00:00.000000',45000.00,'2024-02-11 00:00:00.000000',10,18),(423,4,'2025-01-24 00:00:00.000000','2025-01-27 00:00:00.000000',9600.00,'2025-01-05 00:00:00.000000',10,7),(424,3,'2024-11-13 00:00:00.000000','2024-11-15 00:00:00.000000',16000.00,'2024-11-05 00:00:00.000000',10,53),(425,4,'2025-04-04 00:00:00.000000','2025-04-08 00:00:00.000000',12800.00,'2025-04-03 00:00:00.000000',10,31),(426,2,'2024-11-10 00:00:00.000000','2024-11-14 00:00:00.000000',20800.00,'2024-10-30 00:00:00.000000',10,70),(427,3,'2024-09-04 00:00:00.000000','2024-09-07 00:00:00.000000',7500.00,'2024-08-27 00:00:00.000000',10,59),(428,2,'2024-09-22 00:00:00.000000','2024-09-26 00:00:00.000000',28800.00,'2024-09-21 00:00:00.000000',10,58),(429,1,'2024-02-09 00:00:00.000000','2024-02-10 00:00:00.000000',4800.00,'2024-02-03 00:00:00.000000',10,19),(430,4,'2024-11-29 00:00:00.000000','2024-12-04 00:00:00.000000',17500.00,'2024-11-17 00:00:00.000000',10,45),(431,2,'2024-08-01 00:00:00.000000','2024-08-05 00:00:00.000000',28800.00,'2024-07-31 00:00:00.000000',10,22),(432,1,'2024-09-08 00:00:00.000000','2024-09-14 00:00:00.000000',21000.00,'2024-08-23 00:00:00.000000',10,11),(433,2,'2024-05-20 00:00:00.000000','2024-05-21 00:00:00.000000',5800.00,'2024-05-18 00:00:00.000000',11,61),(434,1,'2024-09-27 00:00:00.000000','2024-10-04 00:00:00.000000',50400.00,'2024-09-20 00:00:00.000000',11,22),(435,1,'2024-12-14 00:00:00.000000','2024-12-20 00:00:00.000000',48000.00,'2024-12-05 00:00:00.000000',11,6),(436,4,'2025-02-16 00:00:00.000000','2025-02-22 00:00:00.000000',22800.00,'2025-01-29 00:00:00.000000',11,46),(437,4,'2024-11-16 00:00:00.000000','2024-11-23 00:00:00.000000',66500.00,'2024-11-04 00:00:00.000000',11,24),(438,3,'2024-03-21 00:00:00.000000','2024-03-26 00:00:00.000000',17500.00,'2024-03-17 00:00:00.000000',11,11),(439,1,'2025-02-13 00:00:00.000000','2025-02-14 00:00:00.000000',7500.00,'2025-02-07 00:00:00.000000',11,39),(440,3,'2024-11-08 00:00:00.000000','2024-11-14 00:00:00.000000',15000.00,'2024-10-24 00:00:00.000000',11,59),(441,2,'2024-10-07 00:00:00.000000','2024-10-12 00:00:00.000000',14500.00,'2024-09-29 00:00:00.000000',11,35),(442,1,'2024-12-20 00:00:00.000000','2024-12-21 00:00:00.000000',6300.00,'2024-12-09 00:00:00.000000',11,27),(443,2,'2024-04-06 00:00:00.000000','2024-04-08 00:00:00.000000',5600.00,'2024-03-19 00:00:00.000000',11,54),(444,2,'2024-02-10 00:00:00.000000','2024-02-14 00:00:00.000000',34000.00,'2024-02-06 00:00:00.000000',11,29),(445,4,'2024-09-18 00:00:00.000000','2024-09-21 00:00:00.000000',9600.00,'2024-08-30 00:00:00.000000',11,49),(446,2,'2024-06-26 00:00:00.000000','2024-06-30 00:00:00.000000',20800.00,'2024-06-07 00:00:00.000000',11,52),(447,4,'2024-12-24 00:00:00.000000','2024-12-29 00:00:00.000000',17500.00,'2024-12-19 00:00:00.000000',11,11),(448,3,'2024-07-27 00:00:00.000000','2024-08-03 00:00:00.000000',29400.00,'2024-07-26 00:00:00.000000',11,41),(449,4,'2024-07-23 00:00:00.000000','2024-07-24 00:00:00.000000',5200.00,'2024-07-09 00:00:00.000000',11,42),(450,2,'2024-01-30 00:00:00.000000','2024-02-03 00:00:00.000000',18800.00,'2024-01-20 00:00:00.000000',11,26),(451,4,'2024-09-26 00:00:00.000000','2024-10-02 00:00:00.000000',27000.00,'2024-09-25 00:00:00.000000',11,75),(452,1,'2025-03-09 00:00:00.000000','2025-03-10 00:00:00.000000',7800.00,'2025-02-22 00:00:00.000000',11,72),(453,2,'2024-03-22 00:00:00.000000','2024-03-25 00:00:00.000000',20400.00,'2024-03-09 00:00:00.000000',11,51),(454,4,'2024-05-11 00:00:00.000000','2024-05-17 00:00:00.000000',25200.00,'2024-05-08 00:00:00.000000',11,76),(455,3,'2024-11-11 00:00:00.000000','2024-11-14 00:00:00.000000',23400.00,'2024-10-27 00:00:00.000000',11,72),(456,4,'2024-01-07 00:00:00.000000','2024-01-14 00:00:00.000000',31500.00,'2023-12-22 00:00:00.000000',11,50),(457,4,'2024-11-12 00:00:00.000000','2024-11-18 00:00:00.000000',27000.00,'2024-11-06 00:00:00.000000',11,75),(458,2,'2025-04-16 00:00:00.000000','2025-04-17 00:00:00.000000',7800.00,'2025-04-09 00:00:00.000000',11,23),(459,1,'2024-01-18 00:00:00.000000','2024-01-19 00:00:00.000000',4500.00,'2023-12-30 00:00:00.000000',11,50),(460,1,'2024-08-07 00:00:00.000000','2024-08-14 00:00:00.000000',26600.00,'2024-08-02 00:00:00.000000',11,20),(461,3,'2024-01-08 00:00:00.000000','2024-01-14 00:00:00.000000',19200.00,'2023-12-27 00:00:00.000000',11,63),(462,3,'2024-05-19 00:00:00.000000','2024-05-23 00:00:00.000000',12800.00,'2024-05-16 00:00:00.000000',11,31),(463,3,'2025-01-25 00:00:00.000000','2025-02-01 00:00:00.000000',34300.00,'2025-01-05 00:00:00.000000',11,10),(464,1,'2024-05-05 00:00:00.000000','2024-05-06 00:00:00.000000',3800.00,'2024-04-27 00:00:00.000000',11,33),(465,1,'2024-06-12 00:00:00.000000','2024-06-14 00:00:00.000000',6400.00,'2024-06-09 00:00:00.000000',11,49),(466,2,'2025-01-29 00:00:00.000000','2025-02-01 00:00:00.000000',18600.00,'2025-01-11 00:00:00.000000',11,14),(467,1,'2024-02-18 00:00:00.000000','2024-02-23 00:00:00.000000',19000.00,'2024-02-03 00:00:00.000000',11,20),(468,4,'2024-11-17 00:00:00.000000','2024-11-19 00:00:00.000000',7000.00,'2024-11-08 00:00:00.000000',11,45),(469,4,'2024-09-25 00:00:00.000000','2024-09-29 00:00:00.000000',23200.00,'2024-09-16 00:00:00.000000',11,34),(470,2,'2024-04-21 00:00:00.000000','2024-04-25 00:00:00.000000',19200.00,'2024-04-05 00:00:00.000000',11,19),(471,1,'2024-01-16 00:00:00.000000','2024-01-17 00:00:00.000000',4500.00,'2024-01-03 00:00:00.000000',11,47),(472,2,'2024-07-25 00:00:00.000000','2024-07-30 00:00:00.000000',26000.00,'2024-07-13 00:00:00.000000',11,42),(473,1,'2024-06-25 00:00:00.000000','2024-06-27 00:00:00.000000',10400.00,'2024-06-11 00:00:00.000000',11,48),(474,4,'2024-03-06 00:00:00.000000','2024-03-08 00:00:00.000000',7600.00,'2024-03-02 00:00:00.000000',11,60),(475,3,'2024-08-12 00:00:00.000000','2024-08-17 00:00:00.000000',31000.00,'2024-08-07 00:00:00.000000',11,14),(476,4,'2024-06-24 00:00:00.000000','2024-06-28 00:00:00.000000',12800.00,'2024-06-10 00:00:00.000000',12,25),(477,3,'2025-04-07 00:00:00.000000','2025-04-14 00:00:00.000000',20300.00,'2025-03-22 00:00:00.000000',12,35),(478,4,'2024-02-22 00:00:00.000000','2024-02-24 00:00:00.000000',3600.00,'2024-02-09 00:00:00.000000',12,30),(479,3,'2025-02-15 00:00:00.000000','2025-02-17 00:00:00.000000',8400.00,'2025-01-26 00:00:00.000000',12,2),(480,4,'2024-10-30 00:00:00.000000','2024-11-06 00:00:00.000000',47600.00,'2024-10-20 00:00:00.000000',12,17),(481,4,'2024-07-28 00:00:00.000000','2024-08-01 00:00:00.000000',26000.00,'2024-07-19 00:00:00.000000',12,37),(482,4,'2024-07-06 00:00:00.000000','2024-07-09 00:00:00.000000',18600.00,'2024-06-19 00:00:00.000000',12,14),(483,4,'2024-04-27 00:00:00.000000','2024-04-30 00:00:00.000000',13500.00,'2024-04-23 00:00:00.000000',12,47),(484,1,'2024-02-15 00:00:00.000000','2024-02-21 00:00:00.000000',19200.00,'2024-02-04 00:00:00.000000',12,7),(485,3,'2024-03-08 00:00:00.000000','2024-03-15 00:00:00.000000',34300.00,'2024-02-19 00:00:00.000000',12,10),(486,3,'2024-06-26 00:00:00.000000','2024-06-29 00:00:00.000000',23400.00,'2024-06-06 00:00:00.000000',12,23),(487,3,'2025-04-09 00:00:00.000000','2025-04-16 00:00:00.000000',12600.00,'2025-03-22 00:00:00.000000',12,30),(488,3,'2025-03-05 00:00:00.000000','2025-03-09 00:00:00.000000',18000.00,'2025-02-21 00:00:00.000000',12,32),(489,3,'2024-01-15 00:00:00.000000','2024-01-21 00:00:00.000000',31200.00,'2023-12-31 00:00:00.000000',12,12),(490,3,'2024-03-14 00:00:00.000000','2024-03-17 00:00:00.000000',13500.00,'2024-03-13 00:00:00.000000',12,75),(491,2,'2024-03-25 00:00:00.000000','2024-03-30 00:00:00.000000',47500.00,'2024-03-18 00:00:00.000000',12,24),(492,1,'2024-02-22 00:00:00.000000','2024-02-24 00:00:00.000000',15000.00,'2024-02-07 00:00:00.000000',12,39),(493,2,'2024-05-06 00:00:00.000000','2024-05-07 00:00:00.000000',5800.00,'2024-04-27 00:00:00.000000',12,34),(494,3,'2024-08-12 00:00:00.000000','2024-08-14 00:00:00.000000',9000.00,'2024-07-29 00:00:00.000000',12,47),(495,3,'2024-06-14 00:00:00.000000','2024-06-15 00:00:00.000000',7200.00,'2024-05-31 00:00:00.000000',12,58),(496,2,'2024-09-10 00:00:00.000000','2024-09-14 00:00:00.000000',27200.00,'2024-09-07 00:00:00.000000',12,65),(497,2,'2024-12-13 00:00:00.000000','2024-12-15 00:00:00.000000',9600.00,'2024-11-25 00:00:00.000000',12,19),(498,1,'2024-10-16 00:00:00.000000','2024-10-23 00:00:00.000000',31500.00,'2024-10-01 00:00:00.000000',12,32),(499,4,'2024-09-29 00:00:00.000000','2024-10-02 00:00:00.000000',8700.00,'2024-09-21 00:00:00.000000',12,15),(500,4,'2024-09-24 00:00:00.000000','2024-09-28 00:00:00.000000',12400.00,'2024-09-20 00:00:00.000000',12,40),(501,3,'2024-02-21 00:00:00.000000','2024-02-23 00:00:00.000000',9600.00,'2024-02-14 00:00:00.000000',12,19),(502,3,'2024-08-17 00:00:00.000000','2024-08-23 00:00:00.000000',10800.00,'2024-08-14 00:00:00.000000',12,44),(503,4,'2024-09-04 00:00:00.000000','2024-09-06 00:00:00.000000',9000.00,'2024-08-24 00:00:00.000000',12,75),(504,1,'2025-02-22 00:00:00.000000','2025-02-25 00:00:00.000000',15600.00,'2025-02-10 00:00:00.000000',12,48),(505,2,'2024-08-11 00:00:00.000000','2024-08-17 00:00:00.000000',21000.00,'2024-08-07 00:00:00.000000',12,45),(506,1,'2024-02-08 00:00:00.000000','2024-02-15 00:00:00.000000',21700.00,'2024-01-30 00:00:00.000000',12,40),(507,1,'2024-09-22 00:00:00.000000','2024-09-23 00:00:00.000000',7200.00,'2024-09-05 00:00:00.000000',12,9),(508,3,'2024-05-08 00:00:00.000000','2024-05-12 00:00:00.000000',25200.00,'2024-05-06 00:00:00.000000',12,27),(509,4,'2025-01-25 00:00:00.000000','2025-02-01 00:00:00.000000',50400.00,'2025-01-21 00:00:00.000000',12,9),(510,1,'2024-08-24 00:00:00.000000','2024-08-31 00:00:00.000000',38500.00,'2024-08-06 00:00:00.000000',12,66),(511,4,'2024-01-18 00:00:00.000000','2024-01-20 00:00:00.000000',8400.00,'2024-01-07 00:00:00.000000',12,76),(512,3,'2024-08-09 00:00:00.000000','2024-08-12 00:00:00.000000',12600.00,'2024-08-07 00:00:00.000000',12,41),(513,4,'2024-02-23 00:00:00.000000','2024-02-24 00:00:00.000000',4500.00,'2024-02-07 00:00:00.000000',12,8),(514,1,'2024-02-29 00:00:00.000000','2024-03-05 00:00:00.000000',19000.00,'2024-02-20 00:00:00.000000',12,74),(515,2,'2024-10-30 00:00:00.000000','2024-10-31 00:00:00.000000',3800.00,'2024-10-10 00:00:00.000000',12,55),(516,1,'2025-04-20 00:00:00.000000','2025-04-25 00:00:00.000000',21000.00,'2025-04-03 00:00:00.000000',12,62),(517,4,'2024-01-03 00:00:00.000000','2024-01-10 00:00:00.000000',36400.00,'2023-12-18 00:00:00.000000',12,12),(518,1,'2024-04-21 00:00:00.000000','2024-04-27 00:00:00.000000',51000.00,'2024-04-12 00:00:00.000000',12,29),(519,2,'2025-03-21 00:00:00.000000','2025-03-23 00:00:00.000000',9400.00,'2025-03-20 00:00:00.000000',12,26),(520,4,'2024-01-06 00:00:00.000000','2024-01-09 00:00:00.000000',9600.00,'2023-12-19 00:00:00.000000',13,63),(521,1,'2024-06-01 00:00:00.000000','2024-06-02 00:00:00.000000',3200.00,'2024-05-16 00:00:00.000000',13,7),(522,1,'2025-03-10 00:00:00.000000','2025-03-13 00:00:00.000000',23400.00,'2025-02-23 00:00:00.000000',13,23),(523,4,'2025-03-19 00:00:00.000000','2025-03-26 00:00:00.000000',29400.00,'2025-03-04 00:00:00.000000',13,2),(524,1,'2024-08-28 00:00:00.000000','2024-08-31 00:00:00.000000',18600.00,'2024-08-08 00:00:00.000000',13,71),(525,4,'2024-09-10 00:00:00.000000','2024-09-15 00:00:00.000000',17500.00,'2024-09-05 00:00:00.000000',13,68),(526,2,'2024-03-28 00:00:00.000000','2024-04-01 00:00:00.000000',16800.00,'2024-03-26 00:00:00.000000',13,2),(527,3,'2024-10-30 00:00:00.000000','2024-11-03 00:00:00.000000',34000.00,'2024-10-14 00:00:00.000000',13,67),(528,2,'2024-01-28 00:00:00.000000','2024-01-31 00:00:00.000000',18600.00,'2024-01-24 00:00:00.000000',13,14),(529,1,'2024-05-20 00:00:00.000000','2024-05-26 00:00:00.000000',15000.00,'2024-05-04 00:00:00.000000',13,59),(530,2,'2025-04-22 00:00:00.000000','2025-04-28 00:00:00.000000',28800.00,'2025-04-20 00:00:00.000000',13,38),(531,3,'2024-05-26 00:00:00.000000','2024-05-31 00:00:00.000000',22500.00,'2024-05-21 00:00:00.000000',13,75),(532,4,'2024-03-27 00:00:00.000000','2024-03-31 00:00:00.000000',31200.00,'2024-03-13 00:00:00.000000',13,5),(533,2,'2024-04-14 00:00:00.000000','2024-04-21 00:00:00.000000',22400.00,'2024-03-29 00:00:00.000000',13,25),(534,4,'2024-01-19 00:00:00.000000','2024-01-21 00:00:00.000000',11600.00,'2024-01-12 00:00:00.000000',13,34),(535,1,'2024-01-29 00:00:00.000000','2024-02-04 00:00:00.000000',31200.00,'2024-01-12 00:00:00.000000',13,28),(536,4,'2024-08-22 00:00:00.000000','2024-08-26 00:00:00.000000',19200.00,'2024-08-20 00:00:00.000000',13,64),(537,2,'2024-09-06 00:00:00.000000','2024-09-11 00:00:00.000000',40000.00,'2024-08-26 00:00:00.000000',13,6),(538,4,'2024-11-16 00:00:00.000000','2024-11-20 00:00:00.000000',27200.00,'2024-10-31 00:00:00.000000',13,65),(539,2,'2024-07-21 00:00:00.000000','2024-07-23 00:00:00.000000',9800.00,'2024-07-04 00:00:00.000000',13,10),(540,1,'2024-03-02 00:00:00.000000','2024-03-07 00:00:00.000000',21000.00,'2024-02-23 00:00:00.000000',13,41),(541,1,'2024-10-27 00:00:00.000000','2024-10-30 00:00:00.000000',12600.00,'2024-10-13 00:00:00.000000',13,41),(542,1,'2024-08-14 00:00:00.000000','2024-08-19 00:00:00.000000',24000.00,'2024-07-30 00:00:00.000000',13,64),(543,2,'2025-04-06 00:00:00.000000','2025-04-11 00:00:00.000000',22500.00,'2025-04-01 00:00:00.000000',13,50),(544,2,'2024-03-12 00:00:00.000000','2024-03-18 00:00:00.000000',28800.00,'2024-02-26 00:00:00.000000',13,19),(545,1,'2024-04-21 00:00:00.000000','2024-04-27 00:00:00.000000',28200.00,'2024-04-10 00:00:00.000000',13,26),(546,4,'2025-01-02 00:00:00.000000','2025-01-09 00:00:00.000000',24500.00,'2024-12-26 00:00:00.000000',13,68),(547,1,'2024-09-02 00:00:00.000000','2024-09-05 00:00:00.000000',21600.00,'2024-08-16 00:00:00.000000',13,58),(548,3,'2025-01-20 00:00:00.000000','2025-01-21 00:00:00.000000',4800.00,'2025-01-07 00:00:00.000000',13,64),(549,1,'2024-07-23 00:00:00.000000','2024-07-26 00:00:00.000000',17400.00,'2024-07-12 00:00:00.000000',13,43),(550,1,'2024-08-11 00:00:00.000000','2024-08-18 00:00:00.000000',12600.00,'2024-07-27 00:00:00.000000',13,44),(551,1,'2025-02-28 00:00:00.000000','2025-03-03 00:00:00.000000',15600.00,'2025-02-10 00:00:00.000000',13,42),(552,2,'2024-09-04 00:00:00.000000','2024-09-09 00:00:00.000000',19000.00,'2024-08-20 00:00:00.000000',13,46),(553,1,'2024-04-01 00:00:00.000000','2024-04-07 00:00:00.000000',27000.00,'2024-03-19 00:00:00.000000',13,32),(554,1,'2024-03-05 00:00:00.000000','2024-03-08 00:00:00.000000',12300.00,'2024-02-22 00:00:00.000000',13,36),(555,4,'2024-11-07 00:00:00.000000','2024-11-08 00:00:00.000000',5800.00,'2024-11-04 00:00:00.000000',13,34),(556,3,'2024-04-29 00:00:00.000000','2024-05-02 00:00:00.000000',16500.00,'2024-04-11 00:00:00.000000',13,21),(557,2,'2024-06-26 00:00:00.000000','2024-06-30 00:00:00.000000',12400.00,'2024-06-25 00:00:00.000000',13,40),(558,4,'2025-01-03 00:00:00.000000','2025-01-04 00:00:00.000000',7200.00,'2024-12-16 00:00:00.000000',13,58),(559,1,'2025-02-15 00:00:00.000000','2025-02-16 00:00:00.000000',2900.00,'2025-02-03 00:00:00.000000',13,35),(560,4,'2025-01-17 00:00:00.000000','2025-01-21 00:00:00.000000',16800.00,'2025-01-11 00:00:00.000000',13,76),(561,1,'2024-06-30 00:00:00.000000','2024-07-02 00:00:00.000000',9600.00,'2024-06-26 00:00:00.000000',13,69),(562,4,'2024-11-30 00:00:00.000000','2024-12-04 00:00:00.000000',34000.00,'2024-11-15 00:00:00.000000',13,29),(563,3,'2025-02-04 00:00:00.000000','2025-02-08 00:00:00.000000',20800.00,'2025-01-25 00:00:00.000000',13,70),(564,3,'2024-06-28 00:00:00.000000','2024-06-29 00:00:00.000000',8500.00,'2024-06-26 00:00:00.000000',14,67),(565,3,'2024-11-16 00:00:00.000000','2024-11-20 00:00:00.000000',16800.00,'2024-11-15 00:00:00.000000',14,57),(566,3,'2024-08-17 00:00:00.000000','2024-08-24 00:00:00.000000',26600.00,'2024-08-09 00:00:00.000000',14,60),(567,1,'2025-02-12 00:00:00.000000','2025-02-15 00:00:00.000000',14400.00,'2025-02-01 00:00:00.000000',14,64),(568,4,'2024-04-11 00:00:00.000000','2024-04-15 00:00:00.000000',12800.00,'2024-04-05 00:00:00.000000',14,25),(569,4,'2024-08-07 00:00:00.000000','2024-08-13 00:00:00.000000',40800.00,'2024-07-19 00:00:00.000000',14,17),(570,4,'2024-02-03 00:00:00.000000','2024-02-07 00:00:00.000000',15200.00,'2024-01-19 00:00:00.000000',14,46),(571,1,'2024-06-10 00:00:00.000000','2024-06-15 00:00:00.000000',19000.00,'2024-06-07 00:00:00.000000',14,3),(572,3,'2024-06-17 00:00:00.000000','2024-06-22 00:00:00.000000',36000.00,'2024-06-02 00:00:00.000000',14,9),(573,4,'2024-07-30 00:00:00.000000','2024-08-06 00:00:00.000000',21700.00,'2024-07-11 00:00:00.000000',14,40),(574,3,'2024-06-17 00:00:00.000000','2024-06-20 00:00:00.000000',13500.00,'2024-06-09 00:00:00.000000',14,50),(575,4,'2024-09-20 00:00:00.000000','2024-09-22 00:00:00.000000',7600.00,'2024-09-12 00:00:00.000000',14,55),(576,1,'2024-10-30 00:00:00.000000','2024-10-31 00:00:00.000000',3200.00,'2024-10-23 00:00:00.000000',14,7),(577,2,'2024-01-05 00:00:00.000000','2024-01-10 00:00:00.000000',26000.00,'2023-12-23 00:00:00.000000',14,12),(578,4,'2025-03-30 00:00:00.000000','2025-04-03 00:00:00.000000',16800.00,'2025-03-27 00:00:00.000000',14,41),(579,4,'2025-02-28 00:00:00.000000','2025-03-04 00:00:00.000000',11600.00,'2025-02-12 00:00:00.000000',14,15),(580,4,'2024-01-23 00:00:00.000000','2024-01-28 00:00:00.000000',9000.00,'2024-01-14 00:00:00.000000',14,30),(581,4,'2024-03-24 00:00:00.000000','2024-03-30 00:00:00.000000',33000.00,'2024-03-13 00:00:00.000000',14,21),(582,1,'2024-07-23 00:00:00.000000','2024-07-26 00:00:00.000000',14100.00,'2024-07-12 00:00:00.000000',14,26),(583,1,'2024-07-15 00:00:00.000000','2024-07-17 00:00:00.000000',5800.00,'2024-07-02 00:00:00.000000',14,15),(584,4,'2024-03-30 00:00:00.000000','2024-04-04 00:00:00.000000',26000.00,'2024-03-21 00:00:00.000000',14,28),(585,2,'2024-10-06 00:00:00.000000','2024-10-09 00:00:00.000000',9300.00,'2024-10-02 00:00:00.000000',14,40),(586,4,'2025-03-29 00:00:00.000000','2025-03-31 00:00:00.000000',5600.00,'2025-03-15 00:00:00.000000',14,54),(587,3,'2024-10-18 00:00:00.000000','2024-10-20 00:00:00.000000',9000.00,'2024-10-17 00:00:00.000000',14,47),(588,4,'2025-01-28 00:00:00.000000','2025-01-31 00:00:00.000000',15600.00,'2025-01-24 00:00:00.000000',14,70),(589,3,'2025-03-08 00:00:00.000000','2025-03-10 00:00:00.000000',3600.00,'2025-03-07 00:00:00.000000',14,30),(590,4,'2024-06-15 00:00:00.000000','2024-06-17 00:00:00.000000',14400.00,'2024-06-14 00:00:00.000000',14,9),(591,3,'2024-08-08 00:00:00.000000','2024-08-14 00:00:00.000000',31200.00,'2024-08-01 00:00:00.000000',14,42),(592,4,'2024-12-20 00:00:00.000000','2024-12-23 00:00:00.000000',19500.00,'2024-11-30 00:00:00.000000',14,37),(593,2,'2024-07-25 00:00:00.000000','2024-07-31 00:00:00.000000',15000.00,'2024-07-21 00:00:00.000000',14,59),(594,2,'2024-03-26 00:00:00.000000','2024-04-01 00:00:00.000000',18600.00,'2024-03-07 00:00:00.000000',14,40),(595,3,'2024-04-10 00:00:00.000000','2024-04-13 00:00:00.000000',9600.00,'2024-04-06 00:00:00.000000',14,25),(596,2,'2024-05-07 00:00:00.000000','2024-05-09 00:00:00.000000',13000.00,'2024-05-03 00:00:00.000000',14,37),(597,3,'2024-12-04 00:00:00.000000','2024-12-10 00:00:00.000000',51000.00,'2024-11-14 00:00:00.000000',14,67),(598,1,'2024-11-27 00:00:00.000000','2024-12-03 00:00:00.000000',28800.00,'2024-11-08 00:00:00.000000',14,69),(599,2,'2024-11-17 00:00:00.000000','2024-11-21 00:00:00.000000',14000.00,'2024-11-11 00:00:00.000000',14,45),(600,4,'2024-11-07 00:00:00.000000','2024-11-10 00:00:00.000000',21600.00,'2024-10-21 00:00:00.000000',14,22),(601,2,'2024-04-18 00:00:00.000000','2024-04-19 00:00:00.000000',7800.00,'2024-04-09 00:00:00.000000',14,23),(602,2,'2024-09-29 00:00:00.000000','2024-10-04 00:00:00.000000',16000.00,'2024-09-19 00:00:00.000000',14,63),(603,1,'2024-02-19 00:00:00.000000','2024-02-23 00:00:00.000000',19200.00,'2024-02-01 00:00:00.000000',14,19),(604,2,'2024-12-27 00:00:00.000000','2024-12-30 00:00:00.000000',12600.00,'2024-12-13 00:00:00.000000',14,57),(605,1,'2025-04-08 00:00:00.000000','2025-04-12 00:00:00.000000',27200.00,'2025-04-05 00:00:00.000000',15,17),(606,1,'2025-02-20 00:00:00.000000','2025-02-25 00:00:00.000000',22500.00,'2025-02-04 00:00:00.000000',15,32),(607,2,'2024-11-12 00:00:00.000000','2024-11-15 00:00:00.000000',22500.00,'2024-11-07 00:00:00.000000',15,18),(608,1,'2024-04-27 00:00:00.000000','2024-04-30 00:00:00.000000',25500.00,'2024-04-20 00:00:00.000000',15,29),(609,2,'2024-05-02 00:00:00.000000','2024-05-03 00:00:00.000000',7200.00,'2024-04-19 00:00:00.000000',15,22),(610,3,'2024-03-17 00:00:00.000000','2024-03-21 00:00:00.000000',38000.00,'2024-02-26 00:00:00.000000',15,24),(611,3,'2024-03-25 00:00:00.000000','2024-04-01 00:00:00.000000',34300.00,'2024-03-21 00:00:00.000000',15,10),(612,4,'2024-10-21 00:00:00.000000','2024-10-26 00:00:00.000000',27500.00,'2024-10-10 00:00:00.000000',15,66),(613,2,'2024-04-29 00:00:00.000000','2024-05-06 00:00:00.000000',33600.00,'2024-04-23 00:00:00.000000',15,69),(614,1,'2025-02-27 00:00:00.000000','2025-02-28 00:00:00.000000',4500.00,'2025-02-23 00:00:00.000000',15,75),(615,4,'2025-03-21 00:00:00.000000','2025-03-24 00:00:00.000000',9300.00,'2025-03-12 00:00:00.000000',15,40),(616,1,'2024-11-29 00:00:00.000000','2024-12-06 00:00:00.000000',34300.00,'2024-11-12 00:00:00.000000',15,10),(617,3,'2025-04-10 00:00:00.000000','2025-04-15 00:00:00.000000',32500.00,'2025-03-24 00:00:00.000000',15,37),(618,4,'2024-12-16 00:00:00.000000','2024-12-21 00:00:00.000000',34000.00,'2024-12-15 00:00:00.000000',15,65),(619,3,'2024-03-17 00:00:00.000000','2024-03-19 00:00:00.000000',10400.00,'2024-02-26 00:00:00.000000',15,12),(620,1,'2024-05-09 00:00:00.000000','2024-05-10 00:00:00.000000',4900.00,'2024-05-01 00:00:00.000000',15,10),(621,2,'2024-09-11 00:00:00.000000','2024-09-16 00:00:00.000000',42500.00,'2024-08-22 00:00:00.000000',15,67),(622,2,'2024-02-26 00:00:00.000000','2024-03-03 00:00:00.000000',24600.00,'2024-02-23 00:00:00.000000',15,36),(623,3,'2024-02-21 00:00:00.000000','2024-02-27 00:00:00.000000',31200.00,'2024-02-11 00:00:00.000000',15,48),(624,1,'2024-03-15 00:00:00.000000','2024-03-18 00:00:00.000000',12600.00,'2024-03-11 00:00:00.000000',15,76),(625,4,'2024-06-27 00:00:00.000000','2024-06-30 00:00:00.000000',5400.00,'2024-06-19 00:00:00.000000',15,30),(626,4,'2024-08-16 00:00:00.000000','2024-08-21 00:00:00.000000',27500.00,'2024-08-13 00:00:00.000000',15,56),(627,2,'2024-03-15 00:00:00.000000','2024-03-18 00:00:00.000000',15600.00,'2024-03-06 00:00:00.000000',15,42),(628,2,'2024-10-18 00:00:00.000000','2024-10-23 00:00:00.000000',42500.00,'2024-10-11 00:00:00.000000',15,67),(629,3,'2025-03-16 00:00:00.000000','2025-03-22 00:00:00.000000',10800.00,'2025-03-10 00:00:00.000000',15,30),(630,1,'2024-11-18 00:00:00.000000','2024-11-22 00:00:00.000000',20800.00,'2024-11-15 00:00:00.000000',15,28),(631,4,'2024-01-31 00:00:00.000000','2024-02-04 00:00:00.000000',34000.00,'2024-01-15 00:00:00.000000',15,67),(632,3,'2024-02-12 00:00:00.000000','2024-02-16 00:00:00.000000',16800.00,'2024-02-03 00:00:00.000000',15,62),(633,2,'2024-01-28 00:00:00.000000','2024-01-31 00:00:00.000000',8700.00,'2024-01-21 00:00:00.000000',15,35),(634,3,'2024-02-15 00:00:00.000000','2024-02-19 00:00:00.000000',31200.00,'2024-02-08 00:00:00.000000',15,72),(635,3,'2024-06-02 00:00:00.000000','2024-06-06 00:00:00.000000',16800.00,'2024-05-16 00:00:00.000000',15,76),(636,4,'2024-12-04 00:00:00.000000','2024-12-10 00:00:00.000000',31200.00,'2024-11-27 00:00:00.000000',15,28),(637,2,'2024-10-24 00:00:00.000000','2024-10-31 00:00:00.000000',36400.00,'2024-10-23 00:00:00.000000',15,52),(638,1,'2025-01-01 00:00:00.000000','2025-01-03 00:00:00.000000',9000.00,'2024-12-25 00:00:00.000000',15,47),(639,1,'2024-08-22 00:00:00.000000','2024-08-25 00:00:00.000000',9600.00,'2024-08-15 00:00:00.000000',15,63),(640,2,'2024-03-11 00:00:00.000000','2024-03-12 00:00:00.000000',6200.00,'2024-03-07 00:00:00.000000',15,14),(641,3,'2024-01-18 00:00:00.000000','2024-01-21 00:00:00.000000',11400.00,'2024-01-01 00:00:00.000000',15,74),(642,1,'2024-04-22 00:00:00.000000','2024-04-26 00:00:00.000000',28800.00,'2024-04-15 00:00:00.000000',15,58),(643,1,'2024-08-14 00:00:00.000000','2024-08-16 00:00:00.000000',13600.00,'2024-08-05 00:00:00.000000',15,65),(644,2,'2025-02-05 00:00:00.000000','2025-02-09 00:00:00.000000',38000.00,'2025-01-31 00:00:00.000000',15,24),(645,3,'2024-05-29 00:00:00.000000','2024-06-05 00:00:00.000000',29400.00,'2024-05-24 00:00:00.000000',15,76),(646,2,'2024-10-12 00:00:00.000000','2024-10-13 00:00:00.000000',5500.00,'2024-09-25 00:00:00.000000',15,56),(647,4,'2025-01-21 00:00:00.000000','2025-01-23 00:00:00.000000',3600.00,'2025-01-20 00:00:00.000000',15,44),(648,4,'2024-05-04 00:00:00.000000','2024-05-07 00:00:00.000000',13500.00,'2024-04-15 00:00:00.000000',15,32),(649,4,'2024-11-23 00:00:00.000000','2024-11-26 00:00:00.000000',13500.00,'2024-11-09 00:00:00.000000',16,75),(650,4,'2024-10-08 00:00:00.000000','2024-10-10 00:00:00.000000',14400.00,'2024-09-23 00:00:00.000000',16,9),(651,3,'2024-09-29 00:00:00.000000','2024-10-05 00:00:00.000000',37200.00,'2024-09-18 00:00:00.000000',16,14),(652,4,'2025-01-22 00:00:00.000000','2025-01-25 00:00:00.000000',12600.00,'2025-01-17 00:00:00.000000',16,62),(653,2,'2024-03-16 00:00:00.000000','2024-03-22 00:00:00.000000',25200.00,'2024-03-13 00:00:00.000000',16,62),(654,1,'2024-02-29 00:00:00.000000','2024-03-02 00:00:00.000000',6200.00,'2024-02-20 00:00:00.000000',16,40),(655,1,'2024-03-01 00:00:00.000000','2024-03-05 00:00:00.000000',15200.00,'2024-02-10 00:00:00.000000',16,74),(656,4,'2024-09-27 00:00:00.000000','2024-09-29 00:00:00.000000',6400.00,'2024-09-16 00:00:00.000000',16,7),(657,4,'2024-07-10 00:00:00.000000','2024-07-13 00:00:00.000000',25500.00,'2024-07-07 00:00:00.000000',16,29),(658,4,'2025-04-23 00:00:00.000000','2025-04-28 00:00:00.000000',26000.00,'2025-04-22 00:00:00.000000',16,42),(659,1,'2024-12-15 00:00:00.000000','2024-12-17 00:00:00.000000',11600.00,'2024-12-10 00:00:00.000000',16,13),(660,1,'2025-04-03 00:00:00.000000','2025-04-04 00:00:00.000000',4500.00,'2025-03-16 00:00:00.000000',16,8),(661,4,'2024-07-16 00:00:00.000000','2024-07-21 00:00:00.000000',22500.00,'2024-07-06 00:00:00.000000',16,32),(662,4,'2024-12-03 00:00:00.000000','2024-12-04 00:00:00.000000',5200.00,'2024-11-16 00:00:00.000000',16,70),(663,4,'2024-05-28 00:00:00.000000','2024-06-02 00:00:00.000000',16000.00,'2024-05-27 00:00:00.000000',16,25),(664,1,'2024-10-08 00:00:00.000000','2024-10-14 00:00:00.000000',24600.00,'2024-10-03 00:00:00.000000',16,16),(665,3,'2024-07-22 00:00:00.000000','2024-07-25 00:00:00.000000',12600.00,'2024-07-19 00:00:00.000000',16,41),(666,1,'2024-08-30 00:00:00.000000','2024-09-02 00:00:00.000000',9600.00,'2024-08-24 00:00:00.000000',16,25),(667,4,'2024-07-14 00:00:00.000000','2024-07-18 00:00:00.000000',23200.00,'2024-06-24 00:00:00.000000',16,61),(668,3,'2024-09-12 00:00:00.000000','2024-09-16 00:00:00.000000',14000.00,'2024-09-07 00:00:00.000000',16,11),(669,1,'2024-08-29 00:00:00.000000','2024-08-31 00:00:00.000000',11600.00,'2024-08-10 00:00:00.000000',16,61),(670,2,'2024-05-10 00:00:00.000000','2024-05-12 00:00:00.000000',10400.00,'2024-04-23 00:00:00.000000',16,12),(671,2,'2024-12-01 00:00:00.000000','2024-12-05 00:00:00.000000',16800.00,'2024-11-20 00:00:00.000000',16,57),(672,3,'2024-09-02 00:00:00.000000','2024-09-09 00:00:00.000000',22400.00,'2024-08-16 00:00:00.000000',16,25),(673,3,'2024-08-13 00:00:00.000000','2024-08-14 00:00:00.000000',6200.00,'2024-07-31 00:00:00.000000',16,14),(674,1,'2024-09-16 00:00:00.000000','2024-09-22 00:00:00.000000',17400.00,'2024-09-14 00:00:00.000000',16,35),(675,3,'2024-01-10 00:00:00.000000','2024-01-11 00:00:00.000000',4100.00,'2024-01-03 00:00:00.000000',16,16),(676,1,'2024-12-19 00:00:00.000000','2024-12-25 00:00:00.000000',21000.00,'2024-12-06 00:00:00.000000',16,45),(677,1,'2025-03-20 00:00:00.000000','2025-03-22 00:00:00.000000',9000.00,'2025-03-06 00:00:00.000000',16,8),(678,1,'2025-02-10 00:00:00.000000','2025-02-12 00:00:00.000000',11600.00,'2025-02-06 00:00:00.000000',16,13),(679,2,'2024-11-22 00:00:00.000000','2024-11-29 00:00:00.000000',40600.00,'2024-11-12 00:00:00.000000',16,13),(680,4,'2024-11-10 00:00:00.000000','2024-11-14 00:00:00.000000',23200.00,'2024-10-27 00:00:00.000000',16,34),(681,4,'2025-01-24 00:00:00.000000','2025-01-27 00:00:00.000000',11400.00,'2025-01-09 00:00:00.000000',16,74),(682,2,'2024-02-27 00:00:00.000000','2024-03-05 00:00:00.000000',24500.00,'2024-02-14 00:00:00.000000',16,45),(683,1,'2024-11-23 00:00:00.000000','2024-11-28 00:00:00.000000',47500.00,'2024-11-17 00:00:00.000000',16,24),(684,2,'2025-02-27 00:00:00.000000','2025-03-06 00:00:00.000000',24500.00,'2025-02-20 00:00:00.000000',16,68),(685,2,'2024-08-24 00:00:00.000000','2024-08-25 00:00:00.000000',2800.00,'2024-08-13 00:00:00.000000',16,54),(686,3,'2024-07-17 00:00:00.000000','2024-07-20 00:00:00.000000',28500.00,'2024-07-07 00:00:00.000000',16,24),(687,1,'2024-12-16 00:00:00.000000','2024-12-19 00:00:00.000000',28500.00,'2024-11-28 00:00:00.000000',16,24),(688,2,'2025-04-11 00:00:00.000000','2025-04-18 00:00:00.000000',29400.00,'2025-03-26 00:00:00.000000',16,41),(689,1,'2024-08-24 00:00:00.000000','2024-08-27 00:00:00.000000',15600.00,'2024-08-12 00:00:00.000000',17,28),(690,1,'2024-01-03 00:00:00.000000','2024-01-09 00:00:00.000000',29400.00,'2023-12-31 00:00:00.000000',17,10),(691,2,'2024-08-07 00:00:00.000000','2024-08-10 00:00:00.000000',11400.00,'2024-07-23 00:00:00.000000',17,60),(692,3,'2024-01-14 00:00:00.000000','2024-01-21 00:00:00.000000',47600.00,'2024-01-10 00:00:00.000000',17,17),(693,2,'2024-08-03 00:00:00.000000','2024-08-05 00:00:00.000000',8400.00,'2024-07-25 00:00:00.000000',17,57),(694,4,'2025-02-03 00:00:00.000000','2025-02-06 00:00:00.000000',21600.00,'2025-01-15 00:00:00.000000',17,58),(695,4,'2024-08-16 00:00:00.000000','2024-08-18 00:00:00.000000',7600.00,'2024-08-06 00:00:00.000000',17,55),(696,2,'2025-01-25 00:00:00.000000','2025-01-31 00:00:00.000000',22800.00,'2025-01-16 00:00:00.000000',17,60),(697,3,'2024-02-08 00:00:00.000000','2024-02-10 00:00:00.000000',13600.00,'2024-01-24 00:00:00.000000',17,65),(698,1,'2024-04-26 00:00:00.000000','2024-04-30 00:00:00.000000',22000.00,'2024-04-18 00:00:00.000000',17,21),(699,2,'2024-06-09 00:00:00.000000','2024-06-15 00:00:00.000000',29400.00,'2024-05-27 00:00:00.000000',17,10),(700,2,'2024-04-21 00:00:00.000000','2024-04-27 00:00:00.000000',37200.00,'2024-04-17 00:00:00.000000',17,14),(701,1,'2024-03-24 00:00:00.000000','2024-03-31 00:00:00.000000',29400.00,'2024-03-12 00:00:00.000000',17,62),(702,4,'2024-03-29 00:00:00.000000','2024-03-31 00:00:00.000000',9600.00,'2024-03-23 00:00:00.000000',17,69),(703,1,'2024-05-23 00:00:00.000000','2024-05-28 00:00:00.000000',21000.00,'2024-05-13 00:00:00.000000',17,62),(704,2,'2024-06-23 00:00:00.000000','2024-06-26 00:00:00.000000',11400.00,'2024-06-09 00:00:00.000000',17,60),(705,1,'2025-02-09 00:00:00.000000','2025-02-13 00:00:00.000000',15200.00,'2025-02-05 00:00:00.000000',17,60),(706,4,'2024-06-20 00:00:00.000000','2024-06-24 00:00:00.000000',15200.00,'2024-06-18 00:00:00.000000',17,20),(707,1,'2024-12-31 00:00:00.000000','2025-01-02 00:00:00.000000',3800.00,'2024-12-25 00:00:00.000000',17,73),(708,1,'2024-02-20 00:00:00.000000','2024-02-24 00:00:00.000000',22000.00,'2024-02-16 00:00:00.000000',17,56),(709,3,'2024-03-05 00:00:00.000000','2024-03-08 00:00:00.000000',8400.00,'2024-02-15 00:00:00.000000',17,54),(710,1,'2024-08-31 00:00:00.000000','2024-09-04 00:00:00.000000',22000.00,'2024-08-24 00:00:00.000000',17,21),(711,2,'2024-07-04 00:00:00.000000','2024-07-10 00:00:00.000000',34800.00,'2024-06-25 00:00:00.000000',17,61),(712,3,'2024-11-13 00:00:00.000000','2024-11-15 00:00:00.000000',11000.00,'2024-10-26 00:00:00.000000',17,56),(713,1,'2025-04-16 00:00:00.000000','2025-04-19 00:00:00.000000',8400.00,'2025-03-31 00:00:00.000000',17,54),(714,1,'2025-02-11 00:00:00.000000','2025-02-12 00:00:00.000000',4900.00,'2025-01-26 00:00:00.000000',17,10),(715,3,'2024-10-06 00:00:00.000000','2024-10-09 00:00:00.000000',16500.00,'2024-09-17 00:00:00.000000',17,56),(716,3,'2025-02-20 00:00:00.000000','2025-02-25 00:00:00.000000',16000.00,'2025-02-19 00:00:00.000000',17,7),(717,3,'2024-01-13 00:00:00.000000','2024-01-20 00:00:00.000000',12600.00,'2024-01-01 00:00:00.000000',17,44),(718,4,'2025-03-23 00:00:00.000000','2025-03-29 00:00:00.000000',29400.00,'2025-03-20 00:00:00.000000',17,10),(719,1,'2024-11-27 00:00:00.000000','2024-12-02 00:00:00.000000',19000.00,'2024-11-15 00:00:00.000000',17,74),(720,3,'2024-10-19 00:00:00.000000','2024-10-25 00:00:00.000000',21000.00,'2024-10-12 00:00:00.000000',17,11),(721,4,'2024-08-17 00:00:00.000000','2024-08-22 00:00:00.000000',21000.00,'2024-08-16 00:00:00.000000',17,76),(722,4,'2025-02-24 00:00:00.000000','2025-03-02 00:00:00.000000',27000.00,'2025-02-12 00:00:00.000000',17,75),(723,2,'2024-08-03 00:00:00.000000','2024-08-08 00:00:00.000000',39000.00,'2024-07-31 00:00:00.000000',17,23),(724,2,'2024-09-03 00:00:00.000000','2024-09-10 00:00:00.000000',12600.00,'2024-08-14 00:00:00.000000',17,30),(725,4,'2024-03-17 00:00:00.000000','2024-03-20 00:00:00.000000',9600.00,'2024-03-06 00:00:00.000000',17,31),(726,2,'2025-03-11 00:00:00.000000','2025-03-12 00:00:00.000000',2900.00,'2025-03-03 00:00:00.000000',17,35),(727,2,'2025-04-20 00:00:00.000000','2025-04-25 00:00:00.000000',16000.00,'2025-04-19 00:00:00.000000',17,7),(728,3,'2024-11-20 00:00:00.000000','2024-11-26 00:00:00.000000',27000.00,'2024-11-12 00:00:00.000000',17,8),(729,4,'2024-07-24 00:00:00.000000','2024-07-26 00:00:00.000000',6400.00,'2024-07-14 00:00:00.000000',17,7),(730,4,'2025-03-07 00:00:00.000000','2025-03-11 00:00:00.000000',16800.00,'2025-02-27 00:00:00.000000',17,76);
/*!40000 ALTER TABLE `pols_booking` ENABLE KEYS */;
UNLOCK TABLES;

--
-- Table structure for table `pols_favorites`
--

DROP TABLE IF EXISTS `pols_favorites`;
/*!40101 SET @saved_cs_client     = @@character_set_client */;
/*!50503 SET character_set_client = utf8mb4 */;
CREATE TABLE `pols_favorites` (
  `id` bigint NOT NULL AUTO_INCREMENT,
  `min_price` decimal(10,2) DEFAULT NULL,
  `user_id` bigint NOT NULL,
  `hotel_id` bigint NOT NULL,
  PRIMARY KEY (`id`),
  KEY `pols_favorites_user_id_825d4432_fk_pols_user_id` (`user_id`),
  KEY `pols_favorites_hotel_id_418a2c7c_fk_pols_hotel_id` (`hotel_id`),
  CONSTRAINT `pols_favorites_hotel_id_418a2c7c_fk_pols_hotel_id` FOREIGN KEY (`hotel_id`) REFERENCES `pols_hotel` (`id`),
  CONSTRAINT `pols_favorites_user_id_825d4432_fk_pols_user_id` FOREIGN KEY (`user_id`) REFERENCES `pols_user` (`id`)
) ENGINE=InnoDB AUTO_INCREMENT=54 DEFAULT CHARSET=utf8mb4 COLLATE=utf8mb4_0900_ai_ci;
/*!40101 SET character_set_client = @saved_cs_client */;

--
-- Dumping data for table `pols_favorites`
--

LOCK TABLES `pols_favorites` WRITE;
/*!40000 ALTER TABLE `pols_favorites` DISABLE KEYS */;
INSERT INTO `pols_favorites` VALUES (53,3200.00,1,6);
/*!40000 ALTER TABLE `pols_favorites` ENABLE KEYS */;
UNLOCK TABLES;

--
-- Table structure for table `pols_hotel`
--

DROP TABLE IF EXISTS `pols_hotel`;
/*!40101 SET @saved_cs_client     = @@character_set_client */;
/*!50503 SET character_set_client = utf8mb4 */;
CREATE TABLE `pols_hotel` (
  `id` bigint NOT NULL AUTO_INCREMENT,
  `name` varchar(100) NOT NULL,
  `city` varchar(255) DEFAULT NULL,
  `address` varchar(255) NOT NULL,
  `count_rooms` int NOT NULL,
  `CSI` double NOT NULL,
  `stars` int DEFAULT NULL,
  `description` longtext,
  `img1` mediumtext NOT NULL,
  `img2` mediumtext NOT NULL,
  `img3` mediumtext NOT NULL,
  `img4` mediumtext NOT NULL,
  `img5` mediumtext NOT NULL,
  PRIMARY KEY (`id`)
) ENGINE=InnoDB AUTO_INCREMENT=17 DEFAULT CHARSET=utf8mb4 COLLATE=utf8mb4_0900_ai_ci;
/*!40101 SET character_set_client = @saved_cs_client */;

--
-- Dumping data for table `pols_hotel`
--

LOCK TABLES `pols_hotel` WRITE;
/*!40000 ALTER TABLE `pols_hotel` DISABLE KEYS */;
INSERT INTO `pols_hotel` VALUES (1,' ','-','-,  , 10',3,3.6,4,' \"\"            .       ,          -       .','pols/images/hotels/Saint_Petersburg/hotel_1/(1).webp','pols/images/hotels/Saint_Petersburg/hotel_1/(2).webp','pols/images/hotels/Saint_Petersburg/hotel_1/(3).webp','pols/images/hotels/Saint_Petersburg/hotel_1/(4).webp','pols/images/hotels/Saint_Petersburg/hotel_1/(5).webp'),(2,' ','-','-, . , 25',4,3.8,5,' \" \"     .           .     , -, -    .','pols/images/hotels/Saint_Petersburg/hotel_2/(1).webp','pols/images/hotels/Saint_Petersburg/hotel_2/(2).webp','pols/images/hotels/Saint_Petersburg/hotel_2/(3).webp','pols/images/hotels/Saint_Petersburg/hotel_2/(4).webp','pols/images/hotels/Saint_Petersburg/hotel_2/(5).webp'),(3,' ','',', . , 15',3,3.9,4,' \" \" -        ,     .      ,    -           .','pols/images/hotels/Sochi/hotel_1/(1).webp','pols/images/hotels/Sochi/hotel_1/(2).webp','pols/images/hotels/Sochi/hotel_1/(3).webp','pols/images/hotels/Sochi/hotel_1/(4).webp','pols/images/hotels/Sochi/hotel_1/(5).webp'),(4,'','',',  , 32',2,3.9,3,' \"\"       .     ,  -                 .','pols/images/hotels/Sochi/hotel_2/(1).webp','pols/images/hotels/Sochi/hotel_2/(2).webp','pols/images/hotels/Sochi/hotel_2/(3).webp','pols/images/hotels/Sochi/hotel_2/(4).webp','pols/images/hotels/Sochi/hotel_2/(5).webp'),(5,' ','',', . , 1',4,3.8,5,' \" \" -           .  ,    ,  -           .','pols/images/hotels/Moscow/hotel_1/(1).webp','pols/images/hotels/Moscow/hotel_1/(2).webp','pols/images/hotels/Moscow/hotel_1/(3).webp','pols/images/hotels/Moscow/hotel_1/(4).webp','pols/images/hotels/Moscow/hotel_1/(5).webp'),(6,' ','',',  , 5',3,4,4,' \" \"         .         -   .      ,        .','pols/images/hotels/Moscow/hotel_2/(1).webp','pols/images/hotels/Moscow/hotel_2/(2).webp','pols/images/hotels/Moscow/hotel_2/(3).webp','pols/images/hotels/Moscow/hotel_2/(4).webp','pols/images/hotels/Moscow/hotel_2/(5).webp'),(7,' ','',', . , 30',2,4,3,' \" \"     XIX       .         .                .','pols/images/hotels/Kazan/hotel_1/(1).webp','pols/images/hotels/Kazan/hotel_1/(2).webp','pols/images/hotels/Kazan/hotel_1/(3).webp','pols/images/hotels/Kazan/hotel_1/(4).webp','pols/images/hotels/Kazan/hotel_1/(5).webp'),(8,'','',',   , 12',4,3.6,4,' \"\" -         .      ,      ,          25-    .','pols/images/hotels/Kazan/hotel_2/(1).webp','pols/images/hotels/Kazan/hotel_2/(2).webp','pols/images/hotels/Kazan/hotel_2/(3).webp','pols/images/hotels/Kazan/hotel_2/(4).webp','pols/images/hotels/Kazan/hotel_2/(5).webp'),(9,' ','',', . , 5',3,4,3,' \" \" -          .   ,       ,           - .          .','pols/images/hotels/Anapa/hotel_1/(1).webp','pols/images/hotels/Anapa/hotel_1/(2).webp','pols/images/hotels/Anapa/hotel_1/(3).webp','pols/images/hotels/Anapa/hotel_1/(4).webp','pols/images/hotels/Anapa/hotel_1/(5).webp'),(10,' ','',',  , 20',2,3.9,4,' \" \"      .      SPA-  ,     ,     .           .','pols/images/hotels/Anapa/hotel_2/(1).jpg','pols/images/hotels/Anapa/hotel_2/(2).jpg','pols/images/hotels/Anapa/hotel_2/(3).webp','pols/images/hotels/Anapa/hotel_2/(4).webp','pols/images/hotels/Anapa/hotel_2/(5).webp'),(11,' ','--','--, .  , 115',4,4,4,' \" \" -  - -    .     -, -   , -      .       -   .','pols/images/hotels/Rostov_Na_Donu/hotel_1/(1).webp','pols/images/hotels/Rostov_Na_Donu/hotel_1/(2).webp','pols/images/hotels/Rostov_Na_Donu/hotel_1/(3).webp','pols/images/hotels/Rostov_Na_Donu/hotel_1/(4).webp','pols/images/hotels/Rostov_Na_Donu/hotel_1/(5).webp'),(12,' ','--','--,  , 42',3,4.1,3,' \" \"       .      -  ,        .       ,    .','pols/images/hotels/Rostov_Na_Donu/hotel_2/(1).webp','pols/images/hotels/Rostov_Na_Donu/hotel_2/(2).webp','pols/images/hotels/Rostov_Na_Donu/hotel_2/(3).webp','pols/images/hotels/Rostov_Na_Donu/hotel_2/(4).webp','pols/images/hotels/Rostov_Na_Donu/hotel_2/(5).webp'),(13,' ',' ',' , . , 8',2,4,3,' \" \"     XIX      .      -  ,      -    .           .','pols/images/hotels/Nizhny_Novgorod/hotel_1/(1).webp','pols/images/hotels/Nizhny_Novgorod/hotel_1/(2).webp','pols/images/hotels/Nizhny_Novgorod/hotel_1/(3).webp','pols/images/hotels/Nizhny_Novgorod/hotel_1/(4).webp','pols/images/hotels/Nizhny_Novgorod/hotel_1/(5).webp'),(14,'',' ',' , .   , 2',4,3.9,5,' \"\" -           .      ,      .  50-    \"\"      ,     360 .','pols/images/hotels/Nizhny_Novgorod/hotel_2/(1).jpg','pols/images/hotels/Nizhny_Novgorod/hotel_2/(2).jpg','pols/images/hotels/Nizhny_Novgorod/hotel_2/(3).webp','pols/images/hotels/Nizhny_Novgorod/hotel_2/(4).webp','pols/images/hotels/Nizhny_Novgorod/hotel_2/(5).webp'),(15,' ','',', . , 10',3,3.9,4,' \" \"           .      , SPA-  ,          -       .','pols/images/hotels/Gelendzhik/hotel_1/(1).webp','pols/images/hotels/Gelendzhik/hotel_1/(2).webp','pols/images/hotels/Gelendzhik/hotel_1/(3).webp','pols/images/hotels/Gelendzhik/hotel_1/(4).webp','pols/images/hotels/Gelendzhik/hotel_1/(5).webp'),(16,'','',',  , 7',2,4,3,' \"\" -   -        .          .              ,    -         .','pols/images/hotels/Gelendzhik/hotel_2/(1).webp','pols/images/hotels/Gelendzhik/hotel_2/(2).webp','pols/images/hotels/Gelendzhik/hotel_2/(3).webp','pols/images/hotels/Gelendzhik/hotel_2/(4).webp','pols/images/hotels/Gelendzhik/hotel_2/(5).webp');
/*!40000 ALTER TABLE `pols_hotel` ENABLE KEYS */;
UNLOCK TABLES;

--
-- Table structure for table `pols_reviews`
--

DROP TABLE IF EXISTS `pols_reviews`;
/*!40101 SET @saved_cs_client     = @@character_set_client */;
/*!50503 SET character_set_client = utf8mb4 */;
CREATE TABLE `pols_reviews` (
  `id` bigint NOT NULL AUTO_INCREMENT,
  `stars` int NOT NULL,
  `location` int NOT NULL,
  `leanliness` int NOT NULL,
  `price_quality` int NOT NULL,
  `service` int NOT NULL,
  `wifi` int NOT NULL,
  `comments` longtext,
  `booking_id` bigint NOT NULL,
  `hotel_id` bigint NOT NULL,
  PRIMARY KEY (`id`),
  KEY `pols_reviews_booking_id_3e5e86d5_fk_pols_booking_id` (`booking_id`),
  KEY `pols_reviews_hotel_id_9ab3f808_fk_pols_hotel_id` (`hotel_id`),
  CONSTRAINT `pols_reviews_booking_id_3e5e86d5_fk_pols_booking_id` FOREIGN KEY (`booking_id`) REFERENCES `pols_booking` (`id`),
  CONSTRAINT `pols_reviews_hotel_id_9ab3f808_fk_pols_hotel_id` FOREIGN KEY (`hotel_id`) REFERENCES `pols_hotel` (`id`)
) ENGINE=InnoDB AUTO_INCREMENT=752 DEFAULT CHARSET=utf8mb4 COLLATE=utf8mb4_0900_ai_ci;
/*!40101 SET character_set_client = @saved_cs_client */;

--
-- Dumping data for table `pols_reviews`
--

LOCK TABLES `pols_reviews` WRITE;
/*!40000 ALTER TABLE `pols_reviews` DISABLE KEYS */;
INSERT INTO `pols_reviews` VALUES (1,4,8,9,7,8,6,' ,  .  ,  Wi-Fi .',1,3),(2,5,9,10,8,9,7,'      .   !',2,3),(3,3,7,6,5,7,5,'  ,      .',3,4),(4,5,10,9,9,10,8,'   !     .',4,7),(5,4,8,8,7,8,7,'    .     .',5,3),(6,2,5,4,3,5,3,'  .    .',6,1),(7,5,9,10,8,9,8,' !    -.',7,8),(8,4,7,8,7,8,6,',      .    .',8,10),(9,5,10,9,9,10,9,' !     .',9,12),(10,3,6,7,5,6,5,' ,  . Wi-Fi   .',10,4),(11,4,8,8,7,8,7,'    .  .',11,3),(12,5,9,9,8,9,8,' !   -.',12,5),(13,3,7,6,6,7,5,',      .',13,15),(14,4,8,8,7,8,7,'    .   .',14,3),(15,5,9,10,9,10,8,'   !   .',15,16),(16,4,8,7,7,8,6,' ,      .',16,15),(17,3,7,7,6,7,5,'.  ,      .',17,11),(18,5,10,9,9,10,8,'    !',18,9),(19,4,8,8,7,8,7,'    . .',19,7),(20,2,5,4,3,5,3,' .  ,  .',20,1),(21,4,8,9,7,8,6,'    .  .',21,16),(22,5,9,10,8,9,7,'   !   -.',22,6),(23,3,7,6,5,7,5,',      .',23,12),(24,5,10,9,9,10,8,'    . !',24,11),(25,4,8,8,7,8,7,'    .   .',25,11),(26,2,5,4,3,5,3,'.    ,   .',26,10),(27,5,9,10,8,9,8,' !   .',27,14),(28,4,7,8,7,8,6,' ,     .',28,7),(29,5,10,9,9,10,9,'!        .',29,10),(30,3,6,7,5,6,5,' ,  . Wi-Fi .',30,16),(31,4,8,8,7,8,7,'   -.  .',31,11),(32,5,9,9,8,9,8,' !     .',32,5),(33,3,7,6,6,7,5,',       .',33,7),(34,4,8,8,7,8,7,'    .   .',34,7),(35,5,9,10,9,10,8,' !   .',35,3),(36,4,8,7,7,8,6,' ,    .',36,1),(37,3,7,7,6,7,5,'.  .',37,7),(38,5,10,9,9,10,8,'   !   .',38,1),(39,4,8,8,7,8,7,'    . .',39,12),(40,2,5,4,3,5,3,' .      .',40,1),(41,4,8,9,7,8,6,' ,  .  ,  Wi-Fi .',41,13),(42,5,9,10,8,9,7,'      .   !',42,9),(43,3,7,6,5,7,5,'  ,      .',43,5),(44,5,10,9,9,10,8,'   !     .',44,16),(45,4,8,8,7,8,7,'    .     .',45,8),(46,2,5,4,3,5,3,'  .    .',46,1),(47,5,9,10,8,9,8,' !    -.',47,4),(48,4,7,8,7,8,6,',      .    .',48,2),(49,5,10,9,9,10,9,' !     .',49,14),(50,3,6,7,5,6,5,' ,  . Wi-Fi   .',50,1),(51,4,8,8,7,8,7,'    .  .',51,15),(52,5,9,9,8,9,8,' !   -.',52,13),(53,3,7,6,6,7,5,',      .',53,14),(54,4,8,8,7,8,7,'    .   .',54,2),(55,5,9,10,9,10,8,'   !   .',55,14),(56,4,8,7,7,8,6,' ,      .',56,5),(57,3,7,7,6,7,5,'.  ,      .',57,4),(58,5,10,9,9,10,8,'    !',58,10),(59,4,8,8,7,8,7,'    . .',59,3),(60,2,5,4,3,5,3,' .  ,  .',60,2),(61,4,8,9,7,8,6,'    .  .',61,15),(62,5,9,10,8,9,7,'   !   -.',62,13),(63,3,7,6,5,7,5,',      .',63,5),(64,5,10,9,9,10,8,'    . !',64,9),(65,4,8,8,7,8,7,'    .   .',65,1),(66,2,5,4,3,5,3,'.    ,   .',66,14),(67,5,9,10,8,9,8,' !   .',67,9),(68,4,7,8,7,8,6,' ,     .',68,1),(69,5,10,9,9,10,9,'!        .',69,8),(70,3,6,7,5,6,5,' ,  . Wi-Fi .',70,5),(71,4,8,8,7,8,7,'   -.  .',71,8),(72,5,9,9,8,9,8,' !     .',72,7),(73,3,7,6,6,7,5,',       .',73,7),(74,4,8,8,7,8,7,'    .   .',74,9),(75,5,9,10,9,10,8,' !   .',75,14),(76,4,8,7,7,8,6,' ,    .',76,9),(77,3,7,7,6,7,5,'.  .',77,10),(78,5,10,9,9,10,8,'   !   .',78,8),(79,4,8,8,7,8,7,'    . .',79,8),(80,2,5,4,3,5,3,' .      .',80,15),(81,4,8,9,7,8,6,' ,  .  ,  Wi-Fi .',81,3),(82,5,9,10,8,9,7,'      .   !',82,13),(83,3,7,6,5,7,5,'  ,      .',83,9),(84,5,10,9,9,10,8,'   !     .',84,9),(85,4,8,8,7,8,7,'    .     .',85,15),(86,2,5,4,3,5,3,'  .    .',86,8),(87,5,9,10,8,9,8,' !    -.',87,13),(88,4,7,8,7,8,6,',      .    .',88,3),(89,5,10,9,9,10,9,' !     .',89,11),(90,3,6,7,5,6,5,' ,  . Wi-Fi   .',90,7),(91,4,8,8,7,8,7,'    .  .',91,1),(92,5,9,9,8,9,8,' !   -.',92,7),(93,3,7,6,6,7,5,',      .',93,1),(94,4,8,8,7,8,7,'    .   .',94,2),(95,5,9,10,9,10,8,'   !   .',95,2),(96,4,8,7,7,8,6,' ,      .',96,1),(97,3,7,7,6,7,5,'.  ,      .',97,4),(98,5,10,9,9,10,8,'    !',98,9),(99,4,8,8,7,8,7,'    . .',99,14),(100,2,5,4,3,5,3,' .  ,  .',100,3),(101,4,8,9,7,8,6,'    .  .',101,14),(102,5,9,10,8,9,7,'   !   -.',102,13),(103,3,7,6,5,7,5,',      .',103,7),(104,5,10,9,9,10,8,'    . !',104,11),(105,4,8,8,7,8,7,'    .   .',105,5),(106,2,5,4,3,5,3,'.    ,   .',106,1),(107,5,9,10,8,9,8,' !   .',107,12),(108,4,7,8,7,8,6,' ,     .',108,15),(109,5,10,9,9,10,9,'!        .',109,13),(110,3,6,7,5,6,5,' ,  . Wi-Fi .',110,12),(111,4,8,8,7,8,7,'   -.  .',111,1),(112,5,9,9,8,9,8,' !     .',112,6),(113,3,7,6,6,7,5,',       .',113,1),(114,4,8,8,7,8,7,'    .   .',114,6),(115,5,9,10,9,10,8,' !   .',115,1),(116,4,8,7,7,8,6,' ,    .',116,6),(117,3,7,7,6,7,5,'.  .',117,12),(118,5,10,9,9,10,8,'   !   .',118,9),(119,4,8,8,7,8,7,'    . .',119,4),(120,2,5,4,3,5,3,' .      .',120,14),(121,4,8,9,7,8,6,' ,  .  ,  Wi-Fi .',121,3),(122,5,9,10,8,9,7,'      .   !',122,16),(123,3,7,6,5,7,5,'  ,      .',123,11),(124,5,10,9,9,10,8,'   !     .',124,9),(125,4,8,8,7,8,7,'    .     .',125,4),(126,2,5,4,3,5,3,'  .    .',126,4),(127,5,9,10,8,9,8,' !    -.',127,10),(128,4,7,8,7,8,6,',      .    .',128,13),(129,5,10,9,9,10,9,' !     .',129,8),(130,3,6,7,5,6,5,' ,  . Wi-Fi   .',130,14),(131,4,8,8,7,8,7,'    .  .',131,1),(132,5,9,9,8,9,8,' !   -.',132,11),(133,3,7,6,6,7,5,',      .',133,3),(134,4,8,8,7,8,7,'    .   .',134,15),(135,5,9,10,9,10,8,'   !   .',135,5),(136,4,8,7,7,8,6,' ,      .',136,8),(137,3,7,7,6,7,5,'.  ,      .',137,3),(138,5,10,9,9,10,8,'    !',138,5),(139,4,8,8,7,8,7,'    . .',139,4),(140,2,5,4,3,5,3,' .  ,  .',140,4),(141,4,8,9,7,8,6,'    .  .',141,16),(142,5,9,10,8,9,7,'   !   -.',142,9),(143,3,7,6,5,7,5,',      .',143,6),(144,5,10,9,9,10,8,'    . !',144,12),(145,4,8,8,7,8,7,'    .   .',145,3),(146,2,5,4,3,5,3,'.    ,   .',146,1),(147,5,9,10,8,9,8,' !   .',147,4),(148,4,7,8,7,8,6,' ,     .',148,10),(149,5,10,9,9,10,9,'!        .',149,14),(150,3,6,7,5,6,5,' ,  . Wi-Fi .',150,9),(151,4,8,8,7,8,7,'   -.  .',151,16),(152,5,9,9,8,9,8,' !     .',152,13),(153,3,7,6,6,7,5,',       .',153,5),(154,4,8,8,7,8,7,'    .   .',154,7),(155,5,9,10,9,10,8,' !   .',155,11),(156,4,8,7,7,8,6,' ,    .',156,1),(157,3,7,7,6,7,5,'.  .',157,12),(158,5,10,9,9,10,8,'   !   .',158,6),(159,4,8,8,7,8,7,'    . .',159,7),(160,2,5,4,3,5,3,' .      .',160,8),(161,4,8,9,7,8,6,' ,  .  ,  Wi-Fi .',161,2),(162,5,9,10,8,9,7,'      .   !',162,2),(163,3,7,6,5,7,5,'  ,      .',163,5),(164,5,10,9,9,10,8,'   !     .',164,11),(165,4,8,8,7,8,7,'    .     .',165,11),(166,2,5,4,3,5,3,'  .    .',166,6),(167,5,9,10,8,9,8,' !    -.',167,11),(168,4,7,8,7,8,6,',      .    .',168,13),(169,5,10,9,9,10,9,' !     .',169,1),(170,3,6,7,5,6,5,' ,  . Wi-Fi   .',170,16),(171,4,8,8,7,8,7,'    .  .',171,6),(172,5,9,9,8,9,8,' !   -.',172,13),(173,3,7,6,6,7,5,',      .',173,7),(174,4,8,8,7,8,7,'    .   .',174,15),(175,5,9,10,9,10,8,'   !   .',175,3),(176,4,8,7,7,8,6,' ,      .',176,8),(177,3,7,7,6,7,5,'.  ,      .',177,6),(178,5,10,9,9,10,8,'    !',178,16),(179,4,8,8,7,8,7,'    . .',179,16),(180,2,5,4,3,5,3,' .  ,  .',180,8),(181,4,8,9,7,8,6,'    .  .',181,14),(182,5,9,10,8,9,7,'   !   -.',182,8),(183,3,7,6,5,7,5,',      .',183,14),(184,5,10,9,9,10,8,'    . !',184,7),(185,4,8,8,7,8,7,'    .   .',185,3),(186,2,5,4,3,5,3,'.    ,   .',186,14),(187,5,9,10,8,9,8,' !   .',187,7),(188,4,7,8,7,8,6,' ,     .',188,8),(189,5,10,9,9,10,9,'!        .',189,2),(190,3,6,7,5,6,5,' ,  . Wi-Fi .',190,8),(191,4,8,8,7,8,7,'   -.  .',191,2),(192,5,9,9,8,9,8,' !     .',192,11),(193,3,7,6,6,7,5,',       .',193,13),(194,4,8,8,7,8,7,'    .   .',194,4),(195,5,9,10,9,10,8,' !   .',195,5),(196,4,8,7,7,8,6,' ,    .',196,8),(197,3,7,7,6,7,5,'.  .',197,11),(198,5,10,9,9,10,8,'   !   .',198,11),(199,4,8,8,7,8,7,'    . .',199,10),(200,2,5,4,3,5,3,' .      .',200,10),(201,5,9,10,8,9,7,'      .   !',201,4),(202,3,7,6,5,7,5,'  ,      .',202,16),(203,5,10,9,9,10,8,'   !     .',203,6),(204,4,8,8,7,8,7,'    .     .',204,6),(205,2,5,4,3,5,3,'  .    .',205,13),(206,5,9,10,8,9,8,' !    -.',206,6),(207,4,7,8,7,8,6,',      .    .',207,6),(208,5,10,9,9,10,9,' !     .',208,7),(209,3,6,7,5,6,5,' ,  . Wi-Fi   .',209,2),(210,4,8,8,7,8,7,'    .  .',210,13),(211,5,9,9,8,9,8,' !   -.',211,12),(212,3,7,6,6,7,5,',      .',212,6),(213,4,8,8,7,8,7,'    .   .',213,15),(214,5,9,10,9,10,8,'   !   .',214,8),(215,4,8,7,7,8,6,' ,      .',215,3),(216,3,7,7,6,7,5,'.  ,      .',216,2),(217,5,10,9,9,10,8,'    !',217,11),(218,4,8,8,7,8,7,'    . .',218,1),(219,2,5,4,3,5,3,' .  ,  .',219,6),(220,4,8,9,7,8,6,'    .  .',220,8),(221,5,9,10,8,9,7,'   !   -.',221,3),(222,3,7,6,5,7,5,',      .',222,10),(223,5,10,9,9,10,8,'    . !',223,16),(224,4,8,8,7,8,7,'    .   .',224,15),(225,2,5,4,3,5,3,'.    ,   .',225,8),(226,5,9,10,8,9,8,' !   .',226,11),(227,4,7,8,7,8,6,' ,     .',227,12),(228,5,10,9,9,10,9,'!        .',228,4),(229,3,6,7,5,6,5,' ,  . Wi-Fi .',229,7),(230,4,8,8,7,8,7,'   -.  .',230,11),(231,5,9,9,8,9,8,' !     .',231,4),(232,3,7,6,6,7,5,',       .',232,8),(233,4,8,8,7,8,7,'    .   .',233,1),(234,5,9,10,9,10,8,' !   .',234,4),(235,4,8,7,7,8,6,' ,    .',235,15),(236,3,7,7,6,7,5,'.  .',236,11),(237,5,10,9,9,10,8,'   !   .',237,2),(238,4,8,8,7,8,7,'    . .',238,13),(239,2,5,4,3,5,3,' .      .',239,9),(240,4,8,9,7,8,6,' ,  .  ,  Wi-Fi .',240,12),(241,5,9,10,8,9,7,'      .   !',241,16),(242,3,7,6,5,7,5,'  ,      .',242,1),(243,5,10,9,9,10,8,'   !     .',243,11),(244,4,8,8,7,8,7,'    .     .',244,8),(245,2,5,4,3,5,3,'  .    .',245,8),(246,5,9,10,8,9,8,' !    -.',246,4),(247,4,7,8,7,8,6,',      .    .',247,8),(248,5,10,9,9,10,9,' !     .',248,10),(249,3,6,7,5,6,5,' ,  . Wi-Fi   .',249,1),(250,4,8,8,7,8,7,'    .  .',250,12),(251,5,9,9,8,9,8,' !   -.',251,9),(252,3,7,6,6,7,5,',      .',252,5),(253,4,8,8,7,8,7,'    .   .',253,10),(254,5,9,10,9,10,8,'   !   .',254,3),(255,4,8,7,7,8,6,' ,      .',255,9),(256,3,7,7,6,7,5,'.  ,      .',256,8),(257,5,10,9,9,10,8,'    !',257,10),(258,4,8,8,7,8,7,'    . .',258,11),(259,2,5,4,3,5,3,' .  ,  .',259,9),(260,4,8,9,7,8,6,'    .  .',260,1),(261,5,9,10,8,9,7,'   !   -.',261,15),(262,3,7,6,5,7,5,',      .',262,12),(263,5,10,9,9,10,8,'    . !',263,4),(264,4,8,8,7,8,7,'    .   .',264,5),(265,2,5,4,3,5,3,'.    ,   .',265,7),(266,5,9,10,8,9,8,' !   .',266,5),(267,4,7,8,7,8,6,' ,     .',267,8),(268,5,10,9,9,10,9,'!        .',268,5),(269,3,6,7,5,6,5,' ,  . Wi-Fi .',269,11),(270,4,8,8,7,8,7,'   -.  .',270,3),(271,5,9,9,8,9,8,' !     .',271,12),(272,3,7,6,6,7,5,',       .',272,10),(273,4,8,8,7,8,7,'    .   .',273,6),(274,5,9,10,9,10,8,' !   .',274,8),(275,4,8,7,7,8,6,' ,    .',275,15),(276,3,7,7,6,7,5,'.  .',276,9),(277,5,10,9,9,10,8,'   !   .',277,4),(278,4,8,8,7,8,7,'    . .',278,10),(279,2,5,4,3,5,3,' .      .',279,13),(280,4,8,9,7,8,6,'    .  .',280,9),(281,5,9,10,8,9,7,'      .   !',281,16),(282,3,7,6,5,7,5,'  ,      .',282,1),(283,5,10,9,9,10,8,'   !     .',283,1),(284,4,8,8,7,8,7,'    .     .',284,10),(285,2,5,4,3,5,3,'  .    .',285,15),(286,5,9,10,8,9,8,' !    -.',286,1),(287,4,7,8,7,8,6,',      .    .',287,12),(288,5,10,9,9,10,9,' !     .',288,6),(289,3,6,7,5,6,5,' ,  . Wi-Fi   .',289,8),(290,4,8,8,7,8,7,'    .  .',290,13),(291,5,9,9,8,9,8,' !   -.',291,15),(292,3,7,6,6,7,5,',      .',292,1),(293,4,8,8,7,8,7,'    .   .',293,11),(294,5,9,10,9,10,8,'   !   .',294,1),(295,4,8,7,7,8,6,' ,      .',295,10),(296,3,7,7,6,7,5,'.  ,      .',296,14),(297,5,10,9,9,10,8,'    !',297,3),(298,4,8,8,7,8,7,'    . .',298,14),(299,2,5,4,3,5,3,' .  ,  .',299,4),(300,4,8,9,7,8,6,'    .  .',300,11),(301,5,9,10,8,9,7,'   !   -.',301,11),(302,3,7,6,5,7,5,',      .',302,4),(303,5,10,9,9,10,8,'    . !',303,14),(304,4,8,8,7,8,7,'    .   .',304,12),(305,2,5,4,3,5,3,'.    ,   .',305,14),(306,5,9,10,8,9,8,' !   .',306,7),(307,4,7,8,7,8,6,' ,     .',307,12),(308,5,10,9,9,10,9,'!        .',308,15),(309,3,6,7,5,6,5,' ,  . Wi-Fi .',309,4),(310,4,8,8,7,8,7,'   -.  .',310,14),(311,5,9,9,8,9,8,' !     .',311,13),(312,3,7,6,6,7,5,',       .',312,3),(313,4,8,8,7,8,7,'    .   .',313,11),(314,5,9,10,9,10,8,' !   .',314,1),(315,4,8,7,7,8,6,' ,    .',315,3),(316,3,7,7,6,7,5,'.  .',316,10),(317,5,10,9,9,10,8,'   !   .',317,12),(318,4,8,8,7,8,7,'    . .',318,9),(319,2,5,4,3,5,3,' .      .',319,2),(320,4,8,9,7,8,6,'    .  .',320,1),(321,4,8,9,7,8,6,' ,  .  ,  Wi-Fi .',321,2),(322,5,9,10,8,9,7,'      .   !',322,10),(323,3,7,6,5,7,5,'  ,      .',323,7),(324,5,10,9,9,10,8,'   !     .',324,10),(325,4,8,8,7,8,7,'    .     .',325,12),(326,2,5,4,3,5,3,'  .    .',326,1),(327,5,9,10,8,9,8,' !    -.',327,3),(328,4,7,8,7,8,6,',      .    .',328,11),(329,5,10,9,9,10,9,' !     .',329,6),(330,3,6,7,5,6,5,' ,  . Wi-Fi   .',330,1),(331,4,8,8,7,8,7,'    .  .',331,7),(332,5,9,9,8,9,8,' !   -.',332,7),(333,3,7,6,6,7,5,',      .',333,1),(334,4,8,8,7,8,7,'    .   .',334,9),(335,5,9,10,9,10,8,'   !   .',335,4),(336,4,8,7,7,8,6,' ,      .',336,5),(337,3,7,7,6,7,5,'.  ,      .',337,14),(338,5,10,9,9,10,8,'    !',338,12),(339,4,8,8,7,8,7,'    . .',339,12),(340,2,5,4,3,5,3,' .  ,  .',340,4),(341,4,8,9,7,8,6,'    .  .',341,8),(342,5,9,10,8,9,7,'   !   -.',342,14),(343,3,7,6,5,7,5,',      .',343,13),(344,5,10,9,9,10,8,'    . !',344,16),(345,4,8,8,7,8,7,'    .   .',345,8),(346,2,5,4,3,5,3,'.    ,   .',346,13),(347,5,9,10,8,9,8,' !   .',347,6),(348,4,7,8,7,8,6,' ,     .',348,10),(349,5,10,9,9,10,9,'!        .',349,15),(350,3,6,7,5,6,5,' ,  . Wi-Fi .',350,6),(351,4,8,8,7,8,7,'   -.  .',351,1),(352,5,9,9,8,9,8,' !     .',352,1),(353,3,7,6,6,7,5,',       .',353,8),(354,4,8,8,7,8,7,'    .   .',354,16),(355,5,9,10,9,10,8,' !   .',355,3),(356,4,8,7,7,8,6,' ,    .',356,15),(357,3,7,7,6,7,5,'.  .',357,5),(358,5,10,9,9,10,8,'   !   .',358,16),(359,4,8,8,7,8,7,'    . .',359,15),(360,2,5,4,3,5,3,' .      .',360,8),(361,5,9,10,8,9,7,'      .   !',361,14),(362,3,7,6,5,7,5,'  ,      .',362,15),(363,5,10,9,9,10,8,'   !     .',363,14),(364,4,8,8,7,8,7,'    .     .',364,11),(365,2,5,4,3,5,3,'  .    .',365,3),(366,5,9,10,8,9,8,' !    -.',366,13),(367,4,7,8,7,8,6,',      .    .',367,15),(368,5,10,9,9,10,9,' !     .',368,6),(369,3,6,7,5,6,5,' ,  . Wi-Fi   .',369,16),(370,4,8,8,7,8,7,'    .  .',370,4),(371,5,9,9,8,9,8,' !   -.',371,4),(372,3,7,6,6,7,5,',      .',372,2),(373,4,8,8,7,8,7,'    .   .',373,10),(374,5,9,10,9,10,8,'   !   .',374,1),(375,4,8,7,7,8,6,' ,      .',375,9),(376,3,7,7,6,7,5,'.  ,      .',376,11),(377,5,10,9,9,10,8,'    !',377,3),(378,4,8,8,7,8,7,'    . .',378,4),(379,2,5,4,3,5,3,' .  ,  .',379,8),(380,4,8,9,7,8,6,'    .  .',380,4),(381,5,9,10,8,9,7,'   !   -.',381,13),(382,3,7,6,5,7,5,',      .',382,15),(383,5,10,9,9,10,8,'    . !',383,1),(384,4,8,8,7,8,7,'    .   .',384,14),(385,2,5,4,3,5,3,'.    ,   .',385,14),(386,5,9,10,8,9,8,' !   .',386,11),(387,4,7,8,7,8,6,' ,     .',387,4),(388,5,10,9,9,10,9,'!        .',388,13),(389,3,6,7,5,6,5,' ,  . Wi-Fi .',389,1),(390,4,8,8,7,8,7,'   -.  .',390,7),(391,5,9,9,8,9,8,' !     .',391,10),(392,3,7,6,6,7,5,',       .',392,10),(393,4,8,8,7,8,7,'    .   .',393,8),(394,5,9,10,9,10,8,' !   .',394,7),(395,4,8,7,7,8,6,' ,    .',395,3),(396,3,7,7,6,7,5,'.  .',396,16),(397,5,10,9,9,10,8,'   !   .',397,14),(398,4,8,8,7,8,7,'    . .',398,4),(399,2,5,4,3,5,3,' .      .',399,11),(400,2,5,4,3,5,3,' .      .',400,1),(401,4,8,9,7,8,6,' ,  .  ,  Wi-Fi .',401,6),(402,5,9,10,8,9,7,'      .   !',402,9),(403,3,7,6,5,7,5,'  ,      .',403,6),(404,5,10,9,9,10,8,'   !     .',404,12),(405,4,8,8,7,8,7,'    .     .',405,1),(406,2,5,4,3,5,3,'  .    .',406,6),(407,5,9,10,8,9,8,' !    -.',407,5),(408,4,7,8,7,8,6,',      .    .',408,4),(409,5,10,9,9,10,9,' !     .',409,11),(410,3,6,7,5,6,5,' ,  . Wi-Fi   .',410,9),(411,4,8,8,7,8,7,'    .  .',411,11),(412,5,9,9,8,9,8,' !   -.',412,15),(413,3,7,6,6,7,5,',      .',413,11),(414,4,8,8,7,8,7,'    .   .',414,5),(415,5,9,10,9,10,8,'   !   .',415,14),(416,4,8,7,7,8,6,' ,      .',416,13),(417,3,7,7,6,7,5,'.  ,      .',417,3),(418,5,10,9,9,10,8,'    !',418,11),(419,4,8,8,7,8,7,'    . .',419,5),(420,2,5,4,3,5,3,' .  ,  .',420,10),(421,4,8,9,7,8,6,'    .  .',421,11),(422,5,9,10,8,9,7,'   !   -.',422,4),(423,3,7,6,5,7,5,',      .',423,2),(424,5,10,9,9,10,8,'    . !',424,11),(425,4,8,8,7,8,7,'    .   .',425,7),(426,2,5,4,3,5,3,'.    ,   .',426,15),(427,5,9,10,8,9,8,' !   .',427,13),(428,4,7,8,7,8,6,' ,     .',428,12),(429,5,10,9,9,10,9,'!        .',429,4),(430,3,6,7,5,6,5,' ,  . Wi-Fi .',430,10),(431,4,8,8,7,8,7,'   -.  .',431,5),(432,5,9,9,8,9,8,' !     .',432,3),(433,3,7,6,6,7,5,',       .',433,13),(434,4,8,8,7,8,7,'    .   .',434,5),(435,5,9,10,9,10,8,' !   .',435,1),(436,4,8,7,7,8,6,' ,    .',436,10),(437,3,7,7,6,7,5,'.  .',437,5),(438,5,10,9,9,10,8,'   !   .',438,3),(439,4,8,8,7,8,7,'    . .',439,8),(440,2,5,4,3,5,3,' .      .',440,13),(441,4,8,9,7,8,6,' ,  .  ,  Wi-Fi .',441,8),(442,5,9,10,8,9,7,'      .   !',442,6),(443,3,7,6,5,7,5,'  ,      .',443,12),(444,5,10,9,9,10,8,'   !     .',444,6),(445,4,8,8,7,8,7,'    .     .',445,11),(446,2,5,4,3,5,3,'  .    .',446,11),(447,5,9,10,8,9,8,' !    -.',447,3),(448,4,7,8,7,8,6,',      .    .',448,9),(449,5,10,9,9,10,9,' !     .',449,9),(450,3,6,7,5,6,5,' ,  . Wi-Fi   .',450,6),(451,4,8,8,7,8,7,'    .  .',451,16),(452,5,9,9,8,9,8,' !   -.',452,15),(453,3,7,6,6,7,5,',      .',453,11),(454,4,8,8,7,8,7,'    .   .',454,16),(455,5,9,10,9,10,8,'   !   .',455,15),(456,4,8,7,7,8,6,' ,      .',456,11),(457,3,7,7,6,7,5,'.  ,      .',457,16),(458,5,10,9,9,10,8,'    !',458,5),(459,4,8,8,7,8,7,'    . .',459,11),(460,2,5,4,3,5,3,' .  ,  .',460,5),(461,4,8,9,7,8,6,'    .  .',461,14),(462,5,9,10,8,9,7,'   !   -.',462,7),(463,3,7,6,5,7,5,',      .',463,2),(464,5,10,9,9,10,8,'    . !',464,7),(465,4,8,8,7,8,7,'    .   .',465,11),(466,2,5,4,3,5,3,'.    ,   .',466,3),(467,5,9,10,8,9,8,' !   .',467,5),(468,4,7,8,7,8,6,' ,     .',468,10),(469,5,10,9,9,10,9,'!        .',469,7),(470,3,6,7,5,6,5,' ,  . Wi-Fi .',470,4),(471,4,8,8,7,8,7,'   -.  .',471,10),(472,5,9,9,8,9,8,' !     .',472,9),(473,3,7,6,6,7,5,',       .',473,10),(474,4,8,8,7,8,7,'    .   .',474,13),(475,5,9,10,9,10,8,' !   .',475,3),(476,4,8,7,7,8,6,' ,    .',476,6),(477,3,7,7,6,7,5,'.  .',477,8),(478,5,10,9,9,10,8,'   !   .',478,7),(479,4,8,8,7,8,7,'    . .',479,1),(480,2,5,4,3,5,3,' .      .',480,4),(481,4,8,9,7,8,6,' ,  .  ,  Wi-Fi .',481,8),(482,5,9,10,8,9,7,'      .   !',482,3),(483,3,7,6,5,7,5,'  ,      .',483,10),(484,5,10,9,9,10,8,'   !     .',484,2),(485,4,8,8,7,8,7,'    .     .',485,2),(486,2,5,4,3,5,3,'  .    .',486,5),(487,5,9,10,8,9,8,' !    -.',487,7),(488,4,7,8,7,8,6,',      .    .',488,7),(489,5,10,9,9,10,9,' !     .',489,3),(490,3,6,7,5,6,5,' ,  . Wi-Fi   .',490,16),(491,4,8,8,7,8,7,'    .  .',491,5),(492,5,9,9,8,9,8,' !   -.',492,8),(493,3,7,6,6,7,5,',      .',493,7),(494,4,8,8,7,8,7,'    .   .',494,10),(495,5,9,10,9,10,8,'   !   .',495,12),(496,4,8,7,7,8,6,' ,      .',496,14),(497,3,7,7,6,7,5,'.  ,      .',497,4),(498,5,10,9,9,10,8,'    !',498,7),(499,4,8,8,7,8,7,'    . .',499,4),(500,2,5,4,3,5,3,' .  ,  .',500,9),(501,4,8,9,7,8,6,'    .  .',501,4),(502,5,9,10,8,9,7,'   !   -.',502,10),(503,3,7,6,5,7,5,',      .',503,16),(504,5,10,9,9,10,8,'    . !',504,10),(505,4,8,8,7,8,7,'    .   .',505,10),(506,2,5,4,3,5,3,'.    ,   .',506,9),(507,5,9,10,8,9,8,' !   .',507,2),(508,4,7,8,7,8,6,' ,     .',508,6),(509,5,10,9,9,10,9,'!        .',509,2),(510,3,6,7,5,6,5,' ,  . Wi-Fi .',510,14),(511,4,8,8,7,8,7,'   -.  .',511,16),(512,5,9,9,8,9,8,' !     .',512,9),(513,3,7,6,6,7,5,',       .',513,2),(514,4,8,8,7,8,7,'    .   .',514,16),(515,5,9,10,9,10,8,' !   .',515,12),(516,4,8,7,7,8,6,' ,    .',516,13),(517,3,7,7,6,7,5,'.  .',517,3),(518,5,10,9,9,10,8,'   !   .',518,6),(519,4,8,8,7,8,7,'    . .',519,6),(520,2,5,4,3,5,3,' .      .',520,14),(521,4,8,9,7,8,6,' ,  .  ,  Wi-Fi .',521,2),(522,5,9,10,8,9,7,'      .   !',522,5),(523,3,7,6,5,7,5,'  ,      .',523,1),(524,5,10,9,9,10,8,'   !     .',524,15),(525,4,8,8,7,8,7,'    .     .',525,15),(526,2,5,4,3,5,3,'  .    .',526,1),(527,5,9,10,8,9,8,' !    -.',527,14),(528,4,7,8,7,8,6,',      .    .',528,3),(529,5,10,9,9,10,9,' !     .',529,13),(530,3,6,7,5,6,5,' ,  . Wi-Fi   .',530,8),(531,4,8,8,7,8,7,'    .  .',531,16),(532,5,9,9,8,9,8,' !   -.',532,1),(533,3,7,6,6,7,5,',      .',533,6),(534,4,8,8,7,8,7,'    .   .',534,7),(535,5,9,10,9,10,8,'   !   .',535,6),(536,4,8,7,7,8,6,' ,      .',536,14),(537,3,7,7,6,7,5,'.  ,      .',537,1),(538,5,10,9,9,10,8,'    !',538,14),(539,4,8,8,7,8,7,'    . .',539,2),(540,2,5,4,3,5,3,' .  ,  .',540,9),(541,4,8,9,7,8,6,'    .  .',541,9),(542,5,9,10,8,9,7,'   !   -.',542,14),(543,3,7,6,5,7,5,',      .',543,11),(544,5,10,9,9,10,8,'    . !',544,4),(545,4,8,8,7,8,7,'    .   .',545,6),(546,2,5,4,3,5,3,'.    ,   .',546,15),(547,5,9,10,8,9,8,' !   .',547,12),(548,4,7,8,7,8,6,' ,     .',548,14),(549,5,10,9,9,10,9,'!        .',549,9),(550,3,6,7,5,6,5,' ,  . Wi-Fi .',550,10),(551,4,8,8,7,8,7,'   -.  .',551,9),(552,5,9,9,8,9,8,' !     .',552,10),(553,3,7,6,6,7,5,',       .',553,7),(554,4,8,8,7,8,7,'    .   .',554,8),(555,5,9,10,9,10,8,' !   .',555,7),(556,4,8,7,7,8,6,' ,    .',556,5),(557,3,7,7,6,7,5,'.  .',557,9),(558,5,10,9,9,10,8,'   !   .',558,12),(559,4,8,8,7,8,7,'    . .',559,8),(560,2,5,4,3,5,3,' .      .',560,16),(561,4,8,9,7,8,6,' ,  .  ,  Wi-Fi .',561,15),(562,5,9,10,8,9,7,'      .   !',562,6),(563,3,7,6,5,7,5,'  ,      .',563,15),(564,5,10,9,9,10,8,'   !     .',564,14),(565,4,8,8,7,8,7,'    .     .',565,12),(566,2,5,4,3,5,3,'  .    .',566,13),(567,5,9,10,8,9,8,' !    -.',567,14),(568,4,7,8,7,8,6,',      .    .',568,6),(569,5,10,9,9,10,9,' !     .',569,4),(570,3,6,7,5,6,5,' ,  . Wi-Fi   .',570,10),(571,4,8,8,7,8,7,'    .  .',571,1),(572,5,9,9,8,9,8,' !   -.',572,2),(573,3,7,6,6,7,5,',      .',573,9),(574,4,8,8,7,8,7,'    .   .',574,11),(575,5,9,10,9,10,8,'   !   .',575,12),(576,4,8,7,7,8,6,' ,      .',576,2),(577,3,7,7,6,7,5,'.  ,      .',577,3),(578,5,10,9,9,10,8,'    !',578,9),(579,4,8,8,7,8,7,'    . .',579,4),(580,2,5,4,3,5,3,' .  ,  .',580,7),(581,4,8,9,7,8,6,'    .  .',581,5),(582,5,9,10,8,9,7,'   !   -.',582,6),(583,3,7,6,5,7,5,',      .',583,4),(584,5,10,9,9,10,8,'    . !',584,6),(585,4,8,8,7,8,7,'    .   .',585,9),(586,2,5,4,3,5,3,'.    ,   .',586,12),(587,5,9,10,8,9,8,' !   .',587,10),(588,4,7,8,7,8,6,' ,     .',588,15),(589,5,10,9,9,10,9,'!        .',589,7),(590,3,6,7,5,6,5,' ,  . Wi-Fi .',590,2),(591,4,8,8,7,8,7,'   -.  .',591,9),(592,5,9,9,8,9,8,' !     .',592,8),(593,3,7,6,6,7,5,',       .',593,13),(594,4,8,8,7,8,7,'    .   .',594,9),(595,5,9,10,9,10,8,' !   .',595,6),(596,4,8,7,7,8,6,' ,    .',596,8),(597,3,7,7,6,7,5,'.  .',597,14),(598,5,10,9,9,10,8,'   !   .',598,15),(599,4,8,8,7,8,7,'    . .',599,10),(600,2,5,4,3,5,3,' .      .',600,5),(601,4,8,9,7,8,6,' ,  .  ,  Wi-Fi .',601,5),(602,5,9,10,8,9,7,'      .   !',602,14),(603,3,7,6,5,7,5,'  ,      .',603,4),(604,5,10,9,9,10,8,'   !     .',604,12),(605,4,8,8,7,8,7,'    .     .',605,4),(606,2,5,4,3,5,3,'  .    .',606,7),(607,5,9,10,8,9,8,' !    -.',607,4),(608,4,7,8,7,8,6,',      .    .',608,6),(609,5,10,9,9,10,9,' !     .',609,5),(610,3,6,7,5,6,5,' ,  . Wi-Fi   .',610,5),(611,4,8,8,7,8,7,'    .  .',611,2),(612,5,9,9,8,9,8,' !   -.',612,14),(613,3,7,6,6,7,5,',      .',613,15),(614,4,8,8,7,8,7,'    .   .',614,16),(615,5,9,10,9,10,8,'   !   .',615,9),(616,4,8,7,7,8,6,' ,      .',616,2),(617,3,7,7,6,7,5,'.  ,      .',617,8),(618,5,10,9,9,10,8,'    !',618,14),(619,4,8,8,7,8,7,'    . .',619,3),(620,2,5,4,3,5,3,' .  ,  .',620,2),(621,4,8,9,7,8,6,'    .  .',621,14),(622,5,9,10,8,9,7,'   !   -.',622,8),(623,3,7,6,5,7,5,',      .',623,10),(624,5,10,9,9,10,8,'    . !',624,16),(625,4,8,8,7,8,7,'    .   .',625,7),(626,2,5,4,3,5,3,'.    ,   .',626,12),(627,5,9,10,8,9,8,' !   .',627,9),(628,4,7,8,7,8,6,' ,     .',628,14),(629,5,10,9,9,10,9,'!        .',629,7),(630,3,6,7,5,6,5,' ,  . Wi-Fi .',630,6),(631,4,8,8,7,8,7,'   -.  .',631,14),(632,5,9,9,8,9,8,' !     .',632,13),(633,3,7,6,6,7,5,',       .',633,8),(634,4,8,8,7,8,7,'    .   .',634,15),(635,5,9,10,9,10,8,' !   .',635,16),(636,4,8,7,7,8,6,' ,    .',636,6),(637,3,7,7,6,7,5,'.  .',637,11),(638,5,10,9,9,10,8,'   !   .',638,10),(639,4,8,8,7,8,7,'    . .',639,14),(640,2,5,4,3,5,3,' .      .',640,3),(641,4,8,9,7,8,6,' ,  .  ,  Wi-Fi .',641,16),(642,5,9,10,8,9,7,'      .   !',642,12),(643,3,7,6,5,7,5,'  ,      .',643,14),(644,5,10,9,9,10,8,'   !     .',644,5),(645,4,8,8,7,8,7,'    .     .',645,16),(646,2,5,4,3,5,3,'  .    .',646,12),(647,5,9,10,8,9,8,' !    -.',647,10),(648,4,7,8,7,8,6,',      .    .',648,7),(649,5,10,9,9,10,9,' !     .',649,16),(650,3,6,7,5,6,5,' ,  . Wi-Fi   .',650,2),(651,4,8,8,7,8,7,'    .  .',651,3),(652,5,9,9,8,9,8,' !   -.',652,13),(653,3,7,6,6,7,5,',      .',653,13),(654,4,8,8,7,8,7,'    .   .',654,9),(655,5,9,10,9,10,8,'   !   .',655,16),(656,4,8,7,7,8,6,' ,      .',656,2),(657,3,7,7,6,7,5,'.  ,      .',657,6),(658,5,10,9,9,10,8,'    !',658,9),(659,4,8,8,7,8,7,'    . .',659,3),(660,2,5,4,3,5,3,' .  ,  .',660,2),(661,4,8,9,7,8,6,'    .  .',661,7),(662,5,9,10,8,9,7,'   !   -.',662,15),(663,3,7,6,5,7,5,',      .',663,6),(664,5,10,9,9,10,8,'    . !',664,4),(665,4,8,8,7,8,7,'    .   .',665,9),(666,2,5,4,3,5,3,'.    ,   .',666,6),(667,5,9,10,8,9,8,' !   .',667,13),(668,4,7,8,7,8,6,' ,     .',668,3),(669,5,10,9,9,10,9,'!        .',669,13),(670,3,6,7,5,6,5,' ,  . Wi-Fi .',670,3),(671,4,8,8,7,8,7,'   -.  .',671,12),(672,5,9,9,8,9,8,' !     .',672,6),(673,3,7,6,6,7,5,',       .',673,3),(674,4,8,8,7,8,7,'    .   .',674,8),(675,5,9,10,9,10,8,' !   .',675,4),(676,4,8,7,7,8,6,' ,    .',676,10),(677,3,7,7,6,7,5,'.  .',677,2),(678,5,10,9,9,10,8,'   !   .',678,3),(679,4,8,8,7,8,7,'    . .',679,3),(680,2,5,4,3,5,3,' .      .',680,7),(681,4,8,9,7,8,6,' ,  .  ,  Wi-Fi .',681,16),(682,5,9,10,8,9,7,'      .   !',682,10),(683,3,7,6,5,7,5,'  ,      .',683,5),(684,5,10,9,9,10,8,'   !     .',684,15),(685,4,8,8,7,8,7,'    .     .',685,12),(686,2,5,4,3,5,3,'  .    .',686,5),(687,5,9,10,8,9,8,' !    -.',687,5),(688,4,7,8,7,8,6,',      .    .',688,9),(689,5,10,9,9,10,9,' !     .',689,6),(690,3,6,7,5,6,5,' ,  . Wi-Fi   .',690,2),(691,4,8,8,7,8,7,'    .  .',691,13),(692,5,9,9,8,9,8,' !   -.',692,4),(693,3,7,6,6,7,5,',      .',693,12),(694,4,8,8,7,8,7,'    .   .',694,12),(695,5,9,10,9,10,8,'   !   .',695,12),(696,4,8,7,7,8,6,' ,      .',696,13),(697,3,7,7,6,7,5,'.  ,      .',697,14),(698,5,10,9,9,10,8,'    !',698,5),(699,4,8,8,7,8,7,'    . .',699,2),(700,2,5,4,3,5,3,' .  ,  .',700,3),(701,4,8,9,7,8,6,'    .  .',701,13),(702,5,9,10,8,9,7,'   !   -.',702,15),(703,3,7,6,5,7,5,',      .',703,13),(704,5,10,9,9,10,8,'    . !',704,13),(705,4,8,8,7,8,7,'    .   .',705,13),(706,2,5,4,3,5,3,'.    ,   .',706,5),(707,5,9,10,8,9,8,' !   .',707,16),(708,4,7,8,7,8,6,' ,     .',708,12),(709,5,10,9,9,10,9,'!        .',709,12),(710,3,6,7,5,6,5,' ,  . Wi-Fi .',710,5),(711,4,8,8,7,8,7,'   -.  .',711,13),(712,5,9,9,8,9,8,' !     .',712,12),(713,3,7,6,6,7,5,',       .',713,12),(714,4,8,8,7,8,7,'    .   .',714,2),(715,5,9,10,9,10,8,' !   .',715,12),(716,4,8,7,7,8,6,' ,    .',716,2),(717,3,7,7,6,7,5,'.  .',717,10),(718,5,10,9,9,10,8,'   !   .',718,2),(719,4,8,8,7,8,7,'    . .',719,16),(720,2,5,4,3,5,3,' .      .',720,3),(721,4,8,9,7,8,6,' ,  .  ,  Wi-Fi .',721,16),(722,5,9,10,8,9,7,'      .   !',722,16),(723,3,7,6,5,7,5,'  ,      .',723,5),(724,5,10,9,9,10,8,'   !     .',724,7),(725,4,8,8,7,8,7,'    .     .',725,7),(726,2,5,4,3,5,3,'  .    .',726,8),(727,5,9,10,8,9,8,' !    -.',727,2),(728,4,7,8,7,8,6,',      .    .',728,2),(729,5,10,9,9,10,9,' !     .',729,2),(730,3,6,7,5,6,5,' ,  . Wi-Fi   .',730,16);
/*!40000 ALTER TABLE `pols_reviews` ENABLE KEYS */;
UNLOCK TABLES;

--
-- Table structure for table `pols_rooms`
--

DROP TABLE IF EXISTS `pols_rooms`;
/*!40101 SET @saved_cs_client     = @@character_set_client */;
/*!50503 SET character_set_client = utf8mb4 */;
CREATE TABLE `pols_rooms` (
  `id` bigint NOT NULL AUTO_INCREMENT,
  `title` varchar(100) NOT NULL,
  `beds_amount` int NOT NULL,
  `bath_amount` int NOT NULL,
  `s` int DEFAULT NULL,
  `description` longtext NOT NULL,
  `price_per_night` decimal(10,2) NOT NULL,
  `img1` mediumtext,
  `img2` mediumtext,
  `img3` mediumtext,
  `hotel_id` bigint NOT NULL,
  PRIMARY KEY (`id`),
  KEY `pols_rooms_hotel_id_7aadcae8_fk_pols_hotel_id` (`hotel_id`),
  CONSTRAINT `pols_rooms_hotel_id_7aadcae8_fk_pols_hotel_id` FOREIGN KEY (`hotel_id`) REFERENCES `pols_hotel` (`id`)
) ENGINE=InnoDB AUTO_INCREMENT=77 DEFAULT CHARSET=utf8mb4 COLLATE=utf8mb4_0900_ai_ci;
/*!40101 SET character_set_client = @saved_cs_client */;

--
-- Dumping data for table `pols_rooms`
--

LOCK TABLES `pols_rooms` WRITE;
/*!40000 ALTER TABLE `pols_rooms` DISABLE KEYS */;
INSERT INTO `pols_rooms` VALUES (1,'    ',1,1,18,' ,    ,     -   ,       .    -         . ,     ,         .',2800.00,'pols/images/hotels/Saint_Petersburg/hotel_1/1/(1).webp','pols/images/hotels/Saint_Petersburg/hotel_1/1/(2).webp','pols/images/hotels/Saint_Petersburg/hotel_1/1/(3).webp',1),(2,' ',2,1,25,' ,        .    , ,    ,   ,      -    .        ,       .',4200.00,'pols/images/hotels/Saint_Petersburg/hotel_1/2/(1).webp','pols/images/hotels/Saint_Petersburg/hotel_1/2/(2).webp','pols/images/hotels/Saint_Petersburg/hotel_1/2/(3).webp',1),(3,' ',3,1,32,'  ,          -      .           ,            .            .',3800.00,'pols/images/hotels/Saint_Petersburg/hotel_1/3/(1).webp','pols/images/hotels/Saint_Petersburg/hotel_1/3/(2).webp','pols/images/hotels/Saint_Petersburg/hotel_1/3/(3).webp',1),(4,'    ',2,2,38,'             .    modern classic -  ,  ,  .           .          .',6500.00,'pols/images/hotels/Saint_Petersburg/hotel_1/4/(1).png','pols/images/hotels/Saint_Petersburg/hotel_1/4/(2).webp','pols/images/hotels/Saint_Petersburg/hotel_1/4/(3).webp',1),(5,' ',4,2,40,'        .          ,      .     king-size      .    ,     .',7800.00,'pols/images/hotels/Saint_Petersburg/hotel_1/5/(1).webp','pols/images/hotels/Saint_Petersburg/hotel_1/5/(2).webp','pols/images/hotels/Saint_Petersburg/hotel_1/5/(3).webp',1),(6,' ',3,2,42,'     :  ,   ,    ,   .        .               .',8000.00,'pols/images/hotels/Saint_Petersburg/hotel_1/6/(1).png','pols/images/hotels/Saint_Petersburg/hotel_1/6/(2).webp','pols/images/hotels/Saint_Petersburg/hotel_1/6/(3).webp',1),(7,' ',1,1,16,'     :    ,  ,    .   ,    ,     .           .',3200.00,'pols/images/hotels/Saint_Petersburg/hotel_2/1/(1).webp','pols/images/hotels/Saint_Petersburg/hotel_2/1/(2).webp','pols/images/hotels/Saint_Petersburg/hotel_2/1/(3).webp',2),(8,' ',2,1,22,'           .       :    ,  ,    .           .',4500.00,'pols/images/hotels/Saint_Petersburg/hotel_2/2/(1).webp','pols/images/hotels/Saint_Petersburg/hotel_2/2/(2).webp','pols/images/hotels/Saint_Petersburg/hotel_2/2/(3).webp',2),(9,' ',2,2,35,'    ,         .       ,     .           -    .',7200.00,'pols/images/hotels/Saint_Petersburg/hotel_2/3/(1).webp','pols/images/hotels/Saint_Petersburg/hotel_2/3/(2).webp','pols/images/hotels/Saint_Petersburg/hotel_2/3/(3).webp',2),(10,'  ',1,1,20,'    ,        .  -     ,  -  ,  -     .            .',4900.00,'pols/images/hotels/Saint_Petersburg/hotel_2/4/(1).webp','pols/images/hotels/Saint_Petersburg/hotel_2/4/(2).webp','pols/images/hotels/Saint_Petersburg/hotel_2/4/(3).webp',2),(11,'    ',1,1,18,'    :  ,  ,  .         -   ,    - ,     .       .',3500.00,'pols/images/hotels/Sochi/hotel_1/1/(1).webp','pols/images/hotels/Sochi/hotel_1/1/(2).webp','pols/images/hotels/Sochi/hotel_1/1/(3).webp',3),(12,'  ',3,1,30,'    ,          .      ,     .           .',5200.00,'pols/images/hotels/Sochi/hotel_1/2/(1).webp','pols/images/hotels/Sochi/hotel_1/2/(2).webp','pols/images/hotels/Sochi/hotel_1/2/(3).webp',3),(13,'  ',2,1,25,'      ,      .    -       .     -    ,    ,  .',5800.00,'pols/images/hotels/Sochi/hotel_1/3/(1).png','pols/images/hotels/Sochi/hotel_1/3/(2).webp','pols/images/hotels/Sochi/hotel_1/3/(3).webp',3),(14,'  ',2,1,28,'         .    :  ,  ,  .              .',6200.00,'pols/images/hotels/Sochi/hotel_1/4/(1).png','pols/images/hotels/Sochi/hotel_1/4/(2).webp','pols/images/hotels/Sochi/hotel_1/4/(3).webp',3),(15,' ',1,1,16,'     ,    .   -      .   ,           .',2900.00,'pols/images/hotels/Sochi/hotel_2/1/(1).webp','pols/images/hotels/Sochi/hotel_2/1/(2).webp','pols/images/hotels/Sochi/hotel_2/1/(3).webp',4),(16,'  ',2,1,22,'         .  ,   ,   -       .        .',4100.00,'pols/images/hotels/Sochi/hotel_2/2/(1).webp','pols/images/hotels/Sochi/hotel_2/2/(2).webp','pols/images/hotels/Sochi/hotel_2/2/(3).webp',4),(17,'  ',2,2,32,'       .       -   ,  ,   .     -      \" \".',6800.00,'pols/images/hotels/Sochi/hotel_2/3/(1).webp','pols/images/hotels/Sochi/hotel_2/3/(2).webp','pols/images/hotels/Sochi/hotel_2/3/(3).webp',4),(18,' ',3,2,38,'       : , ,  .     ,      .           .',7500.00,'pols/images/hotels/Sochi/hotel_2/4/(1).webp','pols/images/hotels/Sochi/hotel_2/4/(2).webp','pols/images/hotels/Sochi/hotel_2/4/(3).webp',4),(19,'   ',1,1,20,'    ,     .           .    -   ,   .',4800.00,'pols/images/hotels/Sochi/hotel_2/5/(1).webp','pols/images/hotels/Sochi/hotel_2/5/(2).webp','pols/images/hotels/Sochi/hotel_2/5/(3).webp',4),(20,' ',1,1,17,'      ,      .          .  ,    ,      .',3800.00,'pols/images/hotels/Moscow/hotel_1/1/(1).webp','pols/images/hotels/Moscow/hotel_1/1/(2).webp','pols/images/hotels/Moscow/hotel_1/1/(3).webp',5),(21,'    ',2,1,24,'    -     ,     .   ,       ,   -    .     - .',5500.00,'pols/images/hotels/Moscow/hotel_1/2/(1).webp','pols/images/hotels/Moscow/hotel_1/2/(2).webp','pols/images/hotels/Moscow/hotel_1/2/(3).webp',5),(22,' ',2,2,34,'          -.    contemporary   -:  ,  ,  .     \" \",    .',7200.00,'pols/images/hotels/Moscow/hotel_1/3/(1).webp','pols/images/hotels/Moscow/hotel_1/3/(2).webp','pols/images/hotels/Moscow/hotel_1/3/(3).webp',5),(23,'  ',3,2,40,'        -     .    :  ,  ,  .         -    .',7800.00,'pols/images/hotels/Moscow/hotel_1/4/(1).webp','pols/images/hotels/Moscow/hotel_1/4/(2).webp','pols/images/hotels/Moscow/hotel_1/4/(3).webp',5),(24,' ',4,3,55,'          .      ,  - -     .    -   ,     .',9500.00,'pols/images/hotels/Moscow/hotel_1/5/(1).webp','pols/images/hotels/Moscow/hotel_1/5/(2).webp','pols/images/hotels/Moscow/hotel_1/5/(3).webp',5),(25,'  ',1,1,16,'    ,       .   -       .     ,        .',3200.00,'pols/images/hotels/Moscow/hotel_2/1/(1).webp','pols/images/hotels/Moscow/hotel_2/1/(2).webp','pols/images/hotels/Moscow/hotel_2/1/(3).webp',6),(26,'  ',2,1,22,'   ,           ,     .              .',4700.00,'pols/images/hotels/Moscow/hotel_2/2/(1).webp','pols/images/hotels/Moscow/hotel_2/2/(2).webp','pols/images/hotels/Moscow/hotel_2/2/(3).webp',6),(27,'-',2,1,28,' ,    -     -   .   -    ,   -  .       .',6300.00,'pols/images/hotels/Moscow/hotel_2/3/(1).webp','pols/images/hotels/Moscow/hotel_2/3/(2).webp','pols/images/hotels/Moscow/hotel_2/3/(3).webp',6),(28,'  ',1,1,20,'    ,       .    :  ,  ,  .          .',5200.00,'pols/images/hotels/Moscow/hotel_2/4/(1).webp','pols/images/hotels/Moscow/hotel_2/4/(2).webp','pols/images/hotels/Moscow/hotel_2/4/(3).webp',6),(29,'',3,2,45,'   ,      360 .   -       .    modern luxury   :      .',8500.00,'pols/images/hotels/Moscow/hotel_2/5/(1).webp','pols/images/hotels/Moscow/hotel_2/5/(2).webp','pols/images/hotels/Moscow/hotel_2/5/(3).webp',6),(30,'   ',1,1,15,',        .      ,     .           .',1800.00,'pols/images/hotels/Kazan/hotel_1/1/(1).webp','pols/images/hotels/Kazan/hotel_1/1/(2).webp','pols/images/hotels/Kazan/hotel_1/1/(3).webp',7),(31,' ',2,1,20,'     :  ,    ,    .       ,      .',3200.00,'pols/images/hotels/Kazan/hotel_1/2/(1).webp','pols/images/hotels/Kazan/hotel_1/2/(2).webp','pols/images/hotels/Kazan/hotel_1/2/(3).webp',7),(32,' \" \"',2,1,28,' ,    :   ,     ,  .           .',4500.00,'pols/images/hotels/Kazan/hotel_1/3/(1).webp','pols/images/hotels/Kazan/hotel_1/3/(2).webp','pols/images/hotels/Kazan/hotel_1/3/(3).webp',7),(33,' ',3,1,32,'     ,        .       ,     .    -   .',3800.00,'pols/images/hotels/Kazan/hotel_1/4/(1).webp','pols/images/hotels/Kazan/hotel_1/4/(2).webp','pols/images/hotels/Kazan/hotel_1/4/(3).webp',7),(34,' \"\"',4,2,40,'  ,      .    -       ,   -    ,  .',5800.00,'pols/images/hotels/Kazan/hotel_1/5/(1).webp','pols/images/hotels/Kazan/hotel_1/5/(2).webp','pols/images/hotels/Kazan/hotel_1/5/(3).webp',7),(35,'   ',1,1,18,'   ,      .    : - ,  ,    .     -    ,    .',2900.00,'pols/images/hotels/Kazan/hotel_2/1/(1).webp','pols/images/hotels/Kazan/hotel_2/1/(2).webp','pols/images/hotels/Kazan/hotel_2/1/(3).webp',8),(36,'-',2,1,24,',     :  ,  ,   .       ,    .         .',4100.00,'pols/images/hotels/Kazan/hotel_2/2/(1).webp','pols/images/hotels/Kazan/hotel_2/2/(2).webp','pols/images/hotels/Kazan/hotel_2/2/(3).webp',8),(37,' \" \"',2,2,35,' ,    .    -    ,      .            .',6500.00,'pols/images/hotels/Kazan/hotel_2/3/(1).webp','pols/images/hotels/Kazan/hotel_2/3/(2).webp','pols/images/hotels/Kazan/hotel_2/3/(3).webp',8),(38,'  ',1,1,20,'   ,     ,     .       :  ,  ,   .',4800.00,'pols/images/hotels/Kazan/hotel_2/4/(1).webp','pols/images/hotels/Kazan/hotel_2/4/(2).webp','pols/images/hotels/Kazan/hotel_2/4/(3).webp',8),(39,' ',4,2,45,'    ,     -.       ,        .       .',7500.00,'pols/images/hotels/Kazan/hotel_2/5/(1).webp','pols/images/hotels/Kazan/hotel_2/5/(2).webp','pols/images/hotels/Kazan/hotel_2/5/(3).webp',8),(40,'  ',1,1,16,'    :  ,  ,  .        -   ,      ,   -    .',3100.00,'pols/images/hotels/Anapa/hotel_1/1/(1).webp','pols/images/hotels/Anapa/hotel_1/1/(2).webp','pols/images/hotels/Anapa/hotel_1/1/(3).webp',9),(41,'   ',3,1,28,' ,       :      ,     ,     .          .',4200.00,'pols/images/hotels/Anapa/hotel_1/2/(1).webp','pols/images/hotels/Anapa/hotel_1/2/(2).webp','pols/images/hotels/Anapa/hotel_1/2/(3).webp',9),(42,'  ',2,1,22,'      ,     .   -       .     -   ,  ,    .',5200.00,'pols/images/hotels/Anapa/hotel_1/3/(1).webp','pols/images/hotels/Anapa/hotel_1/3/(2).webp','pols/images/hotels/Anapa/hotel_1/3/(3).webp',9),(43,'  ',2,1,25,'         .    :  ,  ,  .              .',5800.00,'pols/images/hotels/Anapa/hotel_1/4/(1).webp','pols/images/hotels/Anapa/hotel_1/4/(2).webp','pols/images/hotels/Anapa/hotel_1/4/(3).webp',9),(44,'   ',1,0,15,'        .   ,  ,   -      .    ,         .',1800.00,'pols/images/hotels/Anapa/hotel_2/1/(1).webp','pols/images/hotels/Anapa/hotel_2/1/(2).webp','pols/images/hotels/Anapa/hotel_2/1/(3).webp',10),(45,'  ',2,1,20,'   ,     .    :  ,  ,  .          ,   -   .',3500.00,'pols/images/hotels/Anapa/hotel_2/2/(1).webp','pols/images/hotels/Anapa/hotel_2/2/(2).webp','pols/images/hotels/Anapa/hotel_2/2/(3).webp',10),(46,' ',3,1,30,'     ,    :    ,    ,      .          .',3800.00,'pols/images/hotels/Anapa/hotel_2/3/(1).webp','pols/images/hotels/Anapa/hotel_2/3/(2).webp','pols/images/hotels/Anapa/hotel_2/3/(3).webp',10),(47,' \"\"',1,1,18,'         .       : ,  ,  .        .',4500.00,'pols/images/hotels/Anapa/hotel_2/4/(1).webp','pols/images/hotels/Anapa/hotel_2/4/(2).webp','pols/images/hotels/Anapa/hotel_2/4/(3).webp',10),(48,'  ',2,1,25,'   ,      : ,   ,  .            .',5200.00,'pols/images/hotels/Anapa/hotel_2/5/(1).webp','pols/images/hotels/Anapa/hotel_2/5/(2).webp','pols/images/hotels/Anapa/hotel_2/5/(3).webp',10),(49,' ',1,1,18,'               .           ,        .',3200.00,'pols/images/hotels/Rostov_Na_Donu/hotel_1/1/(1).webp','pols/images/hotels/Rostov_Na_Donu/hotel_1/1/(2).webp','pols/images/hotels/Rostov_Na_Donu/hotel_1/1/(3).webp',11),(50,' ',2,1,24,'          .   -         .         .',4500.00,'pols/images/hotels/Rostov_Na_Donu/hotel_1/2/(1).webp','pols/images/hotels/Rostov_Na_Donu/hotel_1/2/(2).webp','pols/images/hotels/Rostov_Na_Donu/hotel_1/2/(3).webp',11),(51,' \"\"',2,2,35,'           :    ,  ,  .         .',6800.00,'pols/images/hotels/Rostov_Na_Donu/hotel_1/3/(1).webp','pols/images/hotels/Rostov_Na_Donu/hotel_1/3/(2).webp','pols/images/hotels/Rostov_Na_Donu/hotel_1/3/(3).webp',11),(52,'  ',1,1,22,'    ,   .          .             .',5200.00,'pols/images/hotels/Rostov_Na_Donu/hotel_1/4/(1).webp','pols/images/hotels/Rostov_Na_Donu/hotel_1/4/(2).webp','pols/images/hotels/Rostov_Na_Donu/hotel_1/4/(3).webp',11),(53,' ',3,2,45,'       .       :  ,  ,  .         - VIP.',8000.00,'pols/images/hotels/Rostov_Na_Donu/hotel_1/5/(1).webp','pols/images/hotels/Rostov_Na_Donu/hotel_1/5/(2).webp','pols/images/hotels/Rostov_Na_Donu/hotel_1/5/(3).webp',11),(54,'  ',1,1,16,'       .    :  ,  ,    .    ,        .',2800.00,'pols/images/hotels/Rostov_Na_Donu/hotel_2/1/(1).png','pols/images/hotels/Rostov_Na_Donu/hotel_2/1/(2).webp','pols/images/hotels/Rostov_Na_Donu/hotel_2/1/(3).webp',12),(55,' \" \"',2,1,22,',     :  ,  ,   .       .     .',3800.00,'pols/images/hotels/Rostov_Na_Donu/hotel_2/2/(1).jpg','pols/images/hotels/Rostov_Na_Donu/hotel_2/2/(2).webp','pols/images/hotels/Rostov_Na_Donu/hotel_2/2/(3).png',12),(56,'  ',2,1,28,'    ,       .     :    ,   ,    .     .',5500.00,'pols/images/hotels/Rostov_Na_Donu/hotel_2/3/(1).webp','pols/images/hotels/Rostov_Na_Donu/hotel_2/3/(2).webp','pols/images/hotels/Rostov_Na_Donu/hotel_2/3/(3).webp',12),(57,' ',3,1,32,'     ,        .     ,     .        .',4200.00,'pols/images/hotels/Rostov_Na_Donu/hotel_2/4/(1).png','pols/images/hotels/Rostov_Na_Donu/hotel_2/4/(2).webp','pols/images/hotels/Rostov_Na_Donu/hotel_2/4/(3).webp',12),(58,' ',4,2,40,' ,   :   ,  ,   .               .',7200.00,'pols/images/hotels/Rostov_Na_Donu/hotel_2/5/(1).png','pols/images/hotels/Rostov_Na_Donu/hotel_2/5/(2).webp','pols/images/hotels/Rostov_Na_Donu/hotel_2/5/(3).webp',12),(59,' ',1,1,15,'   XIX     :    ,  ,  .       ,      .',2500.00,'pols/images/hotels/Nizhny_Novgorod/hotel_1/1/(1).webp','pols/images/hotels/Nizhny_Novgorod/hotel_1/1/(2).webp','pols/images/hotels/Nizhny_Novgorod/hotel_1/1/(3).webp',13),(60,'    ',2,1,20,'   ,          .    :  ,  ,   .    -  .',3800.00,'pols/images/hotels/Nizhny_Novgorod/hotel_1/2/(1).webp','pols/images/hotels/Nizhny_Novgorod/hotel_1/2/(2).webp','pols/images/hotels/Nizhny_Novgorod/hotel_1/2/(3).webp',13),(61,' \"\"',2,1,30,'     :    ,  ,  .               .',5800.00,'pols/images/hotels/Nizhny_Novgorod/hotel_1/3/(1).webp','pols/images/hotels/Nizhny_Novgorod/hotel_1/3/(2).webp','pols/images/hotels/Nizhny_Novgorod/hotel_1/3/(3).webp',13),(62,'  ',1,1,18,'   ,        .     :  ,  ,    .     .',4200.00,'pols/images/hotels/Nizhny_Novgorod/hotel_1/4/(1).webp','pols/images/hotels/Nizhny_Novgorod/hotel_1/4/(2).webp','pols/images/hotels/Nizhny_Novgorod/hotel_1/4/(3).webp',13),(63,' ',1,1,16,'          .   -        .        .',3200.00,'pols/images/hotels/Nizhny_Novgorod/hotel_2/1/(1).webp','pols/images/hotels/Nizhny_Novgorod/hotel_2/1/(2).webp','pols/images/hotels/Nizhny_Novgorod/hotel_2/1/(3).webp',14),(64,'    ',2,1,22,'   ,      .    :  ,  ,  .    -  ,      .',4800.00,'pols/images/hotels/Nizhny_Novgorod/hotel_2/2/(1).webp','pols/images/hotels/Nizhny_Novgorod/hotel_2/2/(2).webp','pols/images/hotels/Nizhny_Novgorod/hotel_2/2/(3).webp',14),(65,' ',2,2,35,'       -.           .               .',6800.00,'pols/images/hotels/Nizhny_Novgorod/hotel_2/3/(1).png','pols/images/hotels/Nizhny_Novgorod/hotel_2/3/(1).webp','pols/images/hotels/Nizhny_Novgorod/hotel_2/3/(2).webp',14),(66,' \"\"',1,1,20,'      ,     360 .   -    .            .',5500.00,'pols/images/hotels/Nizhny_Novgorod/hotel_2/4/(1).webp','pols/images/hotels/Nizhny_Novgorod/hotel_2/4/(2).webp','pols/images/hotels/Nizhny_Novgorod/hotel_2/4/(3).webp',14),(67,' \"\"',4,2,50,'   ,    .       -:  ,  ,  .         ,   .',8500.00,'pols/images/hotels/Nizhny_Novgorod/hotel_2/5/(1).webp','pols/images/hotels/Nizhny_Novgorod/hotel_2/5/(2).webp','pols/images/hotels/Nizhny_Novgorod/hotel_2/5/(3).webp',14),(68,'  ',1,1,16,'    :  ,  ,  .        -   ,      ,   -    .',3500.00,'pols/images/hotels/Gelendzhik/hotel_1/1/(1).webp','pols/images/hotels/Gelendzhik/hotel_1/1/(2).webp','pols/images/hotels/Gelendzhik/hotel_1/1/(3).webp',15),(69,' \"\"',1,1,18,'         .       : ,  ,  .        .',4800.00,'pols/images/hotels/Gelendzhik/hotel_1/2/(1).webp','pols/images/hotels/Gelendzhik/hotel_1/2/(2).webp','pols/images/hotels/Gelendzhik/hotel_1/2/(3).webp',15),(70,' ',3,1,30,'        .          .          ,    .',5200.00,'pols/images/hotels/Gelendzhik/hotel_1/3/(1).webp','pols/images/hotels/Gelendzhik/hotel_1/3/(2).webp','pols/images/hotels/Gelendzhik/hotel_1/3/(3).webp',15),(71,'  ',2,1,25,'      ,      .    -       .     - ,    .',6200.00,'pols/images/hotels/Gelendzhik/hotel_1/4/(1).webp','pols/images/hotels/Gelendzhik/hotel_1/4/(2).webp','pols/images/hotels/Gelendzhik/hotel_1/4/(3).webp',15),(72,' \"\"',4,2,45,'         .    :  ,  ,    .        .',7800.00,'pols/images/hotels/Gelendzhik/hotel_1/5/(1).webp','pols/images/hotels/Gelendzhik/hotel_1/5/(2).webp','pols/images/hotels/Gelendzhik/hotel_1/5/(3).webp',15),(73,' ',1,0,15,'        .   ,  ,   -      .    ,         .',1900.00,'pols/images/hotels/Gelendzhik/hotel_2/1/(1).webp','pols/images/hotels/Gelendzhik/hotel_2/1/(2).webp','pols/images/hotels/Gelendzhik/hotel_2/1/(3).webp',16),(74,'  ',2,1,20,'   ,     .    :  ,  ,  .          ,   -   .',3800.00,'pols/images/hotels/Gelendzhik/hotel_2/2/(1).webp','pols/images/hotels/Gelendzhik/hotel_2/2/(2).webp','pols/images/hotels/Gelendzhik/hotel_2/2/(3).webp',16),(75,' \"\"',1,1,18,'    :  ,  ,  .           .     -    ,  .',4500.00,'pols/images/hotels/Gelendzhik/hotel_2/3/(1).webp','pols/images/hotels/Gelendzhik/hotel_2/3/(2).webp','pols/images/hotels/Gelendzhik/hotel_2/3/(3).webp',16),(76,' ',3,1,32,'     ,    :    ,    ,      .          .',4200.00,'pols/images/hotels/Gelendzhik/hotel_2/4/(1).webp','pols/images/hotels/Gelendzhik/hotel_2/4/(2).webp','pols/images/hotels/Gelendzhik/hotel_2/4/(3).webp',16);
/*!40000 ALTER TABLE `pols_rooms` ENABLE KEYS */;
UNLOCK TABLES;

--
-- Table structure for table `pols_user`
--

DROP TABLE IF EXISTS `pols_user`;
/*!40101 SET @saved_cs_client     = @@character_set_client */;
/*!50503 SET character_set_client = utf8mb4 */;
CREATE TABLE `pols_user` (
  `id` bigint NOT NULL AUTO_INCREMENT,
  `password` varchar(128) NOT NULL,
  `last_login` datetime(6) DEFAULT NULL,
  `is_superuser` tinyint(1) NOT NULL,
  `first_name` varchar(150) NOT NULL,
  `last_name` varchar(150) NOT NULL,
  `is_staff` tinyint(1) NOT NULL,
  `is_active` tinyint(1) NOT NULL,
  `date_joined` datetime(6) NOT NULL,
  `username` char(32) NOT NULL,
  `email` varchar(254) NOT NULL,
  PRIMARY KEY (`id`),
  UNIQUE KEY `username` (`username`),
  UNIQUE KEY `email` (`email`)
) ENGINE=InnoDB AUTO_INCREMENT=64 DEFAULT CHARSET=utf8mb4 COLLATE=utf8mb4_0900_ai_ci;
/*!40101 SET character_set_client = @saved_cs_client */;

--
-- Dumping data for table `pols_user`
--

LOCK TABLES `pols_user` WRITE;
/*!40000 ALTER TABLE `pols_user` DISABLE KEYS */;
INSERT INTO `pols_user` VALUES (1,'pbkdf2_sha256$870000$Tf2wSf7Nb0BYxqKDS38duy$/CcM74EUGHIi0hE/QOAz9q72G4c4vOSaG6K5E+S6qJk=','2025-06-14 19:06:01.227861',0,'','',0,1,'2025-05-19 11:08:29.208192','e366f3f479eb42f08b9b2968c5d40520','email@gmail.com'),(2,'pbkdf2_sha256$600000$TYv0u3fb8rF2YvHxga...','2025-05-18 13:02:33.744798',0,'','',0,1,'2025-05-18 12:56:11.490229','alexey_ivanov','alexey.ivanov@gmail.com'),(3,'pbkdf2_sha256$600000$AbC1d2Ef3Gh4Ij5Kl6...','2025-05-18 13:02:33.744798',0,'','',0,1,'2025-05-18 12:56:11.490229','ekaterina_petrova','ekaterina.petrova@yahoo.com'),(4,'pbkdf2_sha256$600000$MnOp5Qr7St8Uv9Wx0...','2025-05-18 13:02:33.744798',0,'','',0,1,'2025-05-18 12:56:11.490229','dmitry_smirnov','dmitry.smirnov@outlook.com'),(5,'pbkdf2_sha256$600000$Yz1X2W3V4U5T6S7R8...','2025-05-18 13:02:33.744798',0,'','',0,1,'2025-05-18 12:56:11.490229','olga_kuznetsova','olga.kuznetsova@gmail.com'),(6,'pbkdf2_sha256$600000$Qw2Er3Ty4Ui5Op6As7...','2025-05-18 13:02:33.744798',0,'','',0,1,'2025-05-18 12:56:11.490229','ivan_sokolov','ivan.sokolov@yahoo.com'),(7,'pbkdf2_sha256$600000$Zx1C2V3B4N5M6L7K8...','2025-05-18 13:02:33.744798',0,'','',0,1,'2025-05-18 12:56:11.490229','anna_vasilyeva','anna.vasilyeva@outlook.com'),(8,'pbkdf2_sha256$600000$Po9Ii8Uu7Yy6Tt5Rr4...','2025-05-18 13:02:33.744798',0,'','',0,1,'2025-05-18 12:56:11.490229','sergey_popov','sergey.popov@gmail.com'),(9,'pbkdf2_sha256$600000$As1Df2Gh3Jk4Lp5Oz6...','2025-05-18 13:02:33.744798',0,'','',0,1,'2025-05-18 12:56:11.490229','maria_fedorova','maria.fedorova@yahoo.com'),(10,'pbkdf2_sha256$600000$Xc2V3B4N5M6L7K8J9...','2025-05-18 13:02:33.744798',0,'','',0,1,'2025-05-18 12:56:11.490229','andrey_morozov','andrey.morozov@outlook.com'),(11,'pbkdf2_sha256$600000$Qw1Er2Ty3Ui4Op5As6...','2025-05-18 13:02:33.744798',0,'','',0,1,'2025-05-18 12:56:11.490229','natalya_volkova','natalya.volkova@gmail.com'),(12,'pbkdf2_sha256$600000$Zs1X2W3V4U5T6S7R8...','2025-05-18 13:02:33.744798',0,'','',0,1,'2025-05-18 12:56:11.490229','artem_alekseev','artem.alekseev@yahoo.com'),(13,'pbkdf2_sha256$600000$Mn1Op2Qr3St4Uv5Wx6...','2025-05-18 13:02:33.744798',0,'','',0,1,'2025-05-18 12:56:11.490229','elena_lebedeva','elena.lebedeva@outlook.com'),(14,'pbkdf2_sha256$600000$Yz1X2W3V4U5T6S7R8...','2025-05-18 13:02:33.744798',0,'','',0,1,'2025-05-18 12:56:11.490229','pavel_semenov','pavel.semenov@gmail.com'),(15,'pbkdf2_sha256$600000$Qw2Er3Ty4Ui5Op6As7...','2025-05-18 13:02:33.744798',0,'','',0,1,'2025-05-18 12:56:11.490229','victoria_egorova','victoria.egorova@yahoo.com'),(16,'pbkdf2_sha256$600000$Zx1C2V3B4N5M6L7K8...','2025-05-18 13:02:33.744798',0,'','',0,1,'2025-05-18 12:56:11.490229','mikhail_pavlov','mikhail.pavlov@outlook.com'),(17,'pbkdf2_sha256$600000$Po9Ii8Uu7Yy6Tt5Rr4...','2025-05-18 13:02:33.744798',0,'','',0,1,'2025-05-18 12:56:11.490229','alisa_stepanova','alisa.stepanova@gmail.com'),(18,'pbkdf2_sha256$600000$As1Df2Gh3Jk4Lp5Oz6...','2025-05-18 13:02:33.744798',0,'','',0,1,'2025-05-18 12:56:11.490229','konstantin_nikolaev','konstantin.nikolaev@yahoo.com');
/*!40000 ALTER TABLE `pols_user` ENABLE KEYS */;
UNLOCK TABLES;

--
-- Table structure for table `pols_user_groups`
--

DROP TABLE IF EXISTS `pols_user_groups`;
/*!40101 SET @saved_cs_client     = @@character_set_client */;
/*!50503 SET character_set_client = utf8mb4 */;
CREATE TABLE `pols_user_groups` (
  `id` bigint NOT NULL AUTO_INCREMENT,
  `user_id` bigint NOT NULL,
  `group_id` int NOT NULL,
  PRIMARY KEY (`id`),
  UNIQUE KEY `pols_user_groups_user_id_group_id_d2378f14_uniq` (`user_id`,`group_id`),
  KEY `pols_user_groups_group_id_bf3c5c7b_fk_auth_group_id` (`group_id`),
  CONSTRAINT `pols_user_groups_group_id_bf3c5c7b_fk_auth_group_id` FOREIGN KEY (`group_id`) REFERENCES `auth_group` (`id`),
  CONSTRAINT `pols_user_groups_user_id_cabcc4fe_fk_pols_user_id` FOREIGN KEY (`user_id`) REFERENCES `pols_user` (`id`)
) ENGINE=InnoDB DEFAULT CHARSET=utf8mb4 COLLATE=utf8mb4_0900_ai_ci;
/*!40101 SET character_set_client = @saved_cs_client */;

--
-- Dumping data for table `pols_user_groups`
--

LOCK TABLES `pols_user_groups` WRITE;
/*!40000 ALTER TABLE `pols_user_groups` DISABLE KEYS */;
/*!40000 ALTER TABLE `pols_user_groups` ENABLE KEYS */;
UNLOCK TABLES;

--
-- Table structure for table `pols_user_user_permissions`
--

DROP TABLE IF EXISTS `pols_user_user_permissions`;
/*!40101 SET @saved_cs_client     = @@character_set_client */;
/*!50503 SET character_set_client = utf8mb4 */;
CREATE TABLE `pols_user_user_permissions` (
  `id` bigint NOT NULL AUTO_INCREMENT,
  `user_id` bigint NOT NULL,
  `permission_id` int NOT NULL,
  PRIMARY KEY (`id`),
  UNIQUE KEY `pols_user_user_permissions_user_id_permission_id_2eb5f91a_uniq` (`user_id`,`permission_id`),
  KEY `pols_user_user_permi_permission_id_776f6459_fk_auth_perm` (`permission_id`),
  CONSTRAINT `pols_user_user_permi_permission_id_776f6459_fk_auth_perm` FOREIGN KEY (`permission_id`) REFERENCES `auth_permission` (`id`),
  CONSTRAINT `pols_user_user_permissions_user_id_3c0b5927_fk_pols_user_id` FOREIGN KEY (`user_id`) REFERENCES `pols_user` (`id`)
) ENGINE=InnoDB DEFAULT CHARSET=utf8mb4 COLLATE=utf8mb4_0900_ai_ci;
/*!40101 SET character_set_client = @saved_cs_client */;

--
-- Dumping data for table `pols_user_user_permissions`
--

LOCK TABLES `pols_user_user_permissions` WRITE;
/*!40000 ALTER TABLE `pols_user_user_permissions` DISABLE KEYS */;
/*!40000 ALTER TABLE `pols_user_user_permissions` ENABLE KEYS */;
UNLOCK TABLES;
/*!40103 SET TIME_ZONE=@OLD_TIME_ZONE */;

/*!40101 SET SQL_MODE=@OLD_SQL_MODE */;
/*!40014 SET FOREIGN_KEY_CHECKS=@OLD_FOREIGN_KEY_CHECKS */;
/*!40014 SET UNIQUE_CHECKS=@OLD_UNIQUE_CHECKS */;
/*!40101 SET CHARACTER_SET_CLIENT=@OLD_CHARACTER_SET_CLIENT */;
/*!40101 SET CHARACTER_SET_RESULTS=@OLD_CHARACTER_SET_RESULTS */;
/*!40101 SET COLLATION_CONNECTION=@OLD_COLLATION_CONNECTION */;
/*!40111 SET SQL_NOTES=@OLD_SQL_NOTES */;

-- Dump completed on 2025-06-14 22:08:00
